Datetime,DPBI
2021-01-01,
2021-01-02,
2021-01-03,
2021-01-04,
2021-01-05,
2021-01-06,
2021-01-07,
2021-01-08,
2021-01-09,
2021-01-10,
2021-01-11,
2021-01-12,
2021-01-13,
2021-01-14,
2021-01-15,
2021-01-16,
2021-01-17,
2021-01-18,
2021-01-19,
2021-01-20,
2021-01-21,
2021-01-22,
2021-01-23,
2021-01-24,
2021-01-25,
2021-01-26,
2021-01-27,
2021-01-28,
2021-01-29,
2021-01-30,0.6907483203526548
2021-01-31,0.4968939159355774
2021-02-01,0.26345065991368705
2021-02-02,-0.06578663886395014
2021-02-03,-0.13770102377968454
2021-02-04,1.3956766037076818
2021-02-05,-0.3033897898025196
2021-02-06,0.1657307346058027
2021-02-07,0.021271447470953178
2021-02-08,0.33024613140995823
2021-02-09,0.7049804882641963
2021-02-10,0.38546781517198536
2021-02-11,0.17106407148533376
2021-02-12,0.00664825852746545
2021-02-13,-0.1712925455474179
2021-02-14,0.09159779515649145
2021-02-15,-0.29274572360650625
2021-02-16,-0.40559171826910184
2021-02-17,0.33869067425424676
2021-02-18,-0.04689275080918834
2021-02-19,0.09511716030359509
2021-02-20,0.3505328644488613
2021-02-21,2.830780269781483
2021-02-22,0.5249818969012814
2021-02-23,0.5616744855049287
2021-02-24,0.9122352690058444
2021-02-25,0.012509687181901652
2021-02-26,0.8469455088225991
2021-02-27,0.40932303038305395
2021-02-28,0.1815189699757011
2021-03-01,-0.30173726134991874
2021-03-02,0.0379331111944895
2021-03-03,0.5423809539132971
2021-03-04,-0.39157585687654745
2021-03-05,-0.1152982149615174
2021-03-06,-0.2887213145786165
2021-03-07,-0.11533749293739905
2021-03-08,2.239886297655898
2021-03-09,0.4890289191143248
2021-03-10,1.7308153643624173
2021-03-11,1.1481014913138299
2021-03-12,-0.17657395745997187
2021-03-13,0.09860987265947257
2021-03-14,-0.16140540953375695
2021-03-15,-0.141058939623239
2021-03-16,-0.13415843581736606
2021-03-17,1.1385373151068
2021-03-18,-0.11265396130032243
2021-03-19,0.20093122006167874
2021-03-20,0.5740319993234968
2021-03-21,1.605948816267498
2021-03-22,1.5029414866173725
2021-03-23,1.2550094086403356
2021-03-24,0.1939225253013161
2021-03-25,0.1925501287856252
2021-03-26,-0.7676573857716141
2021-03-27,-0.39581064966842194
2021-03-28,-0.6832869816372728
2021-03-29,-0.2490099851694058
2021-03-30,1.6136179615705242
2021-03-31,0.39505143649211516
2021-04-01,-0.43743977371707554
2021-04-02,-0.28466953192748856
2021-04-03,0.9908657497138825
2021-04-04,0.43406072875574087
2021-04-05,0.6762417913742141
2021-04-06,0.17751012636338495
2021-04-07,-0.008921401333011947
2021-04-08,0.36271483470838717
2021-04-09,-0.07541312028134889
2021-04-10,-0.21100086598098255
2021-04-11,-0.38520955584588257
2021-04-12,-0.6360916607883492
2021-04-13,-0.34016198557488064
2021-04-14,-0.17139340830883523
2021-04-15,-0.8577558168435784
2021-04-16,-1.1816287333293265
2021-04-17,-0.9854271009865461
2021-04-18,-0.37361024314922897
2021-04-19,0.36621906414526234
2021-04-20,-0.44074231943786946
2021-04-21,-0.4569651376091105
2021-04-22,-0.32355532232655115
2021-04-23,0.5051936950513215
2021-04-24,1.5539474718496562
2021-04-25,-0.504754177772214
2021-04-26,-0.026996858509193117
2021-04-27,0.028860440146580384
2021-04-28,-0.44206720460222365
2021-04-29,-0.8781176467910287
2021-04-30,-0.7470884496525223
2021-05-01,0.08683865044342913
2021-05-02,-0.23367725565695818
2021-05-03,-0.6492493221039783
2021-05-04,-0.9923353301228781
2021-05-05,-1.1157269073135114
2021-05-06,-0.5364039518966005
2021-05-07,-0.5360716571894597
2021-05-08,-0.5857793866566781
2021-05-09,-0.5910757701864993
2021-05-10,-0.7403331120736767
2021-05-11,-0.9937447979484144
2021-05-12,-0.5511957138392007
2021-05-13,-0.19312941699765707
2021-05-14,0.627508402832884
2021-05-15,0.8975392967099006
2021-05-16,1.0509011785365272
2021-05-17,1.2541329475469916
2021-05-18,1.6626800276480949
2021-05-19,0.9469420392047603
2021-05-20,1.6717475300521443
2021-05-21,1.512196368592749
2021-05-22,-0.05139272789724015
2021-05-23,-0.7650710557053536
2021-05-24,-0.25016703132311463
2021-05-25,1.3478559698691979
2021-05-26,-0.0010890572871033923
2021-05-27,-0.8310574929775657
2021-05-28,-0.8727624897769224
2021-05-29,-0.40031377243512367
2021-05-30,-0.3813860959990636
2021-05-31,0.747954171838173
2021-06-01,0.5756843956737608
2021-06-02,0.9203434760484456
2021-06-03,-0.059288709725559746
2021-06-04,0.4973898787797983
2021-06-05,0.7772521482798893
2021-06-06,0.9604515261926059
2021-06-07,1.0106617725360163
2021-06-08,-0.2982108567182501
2021-06-09,-0.16893780241885029
2021-06-10,-0.5503020781616885
2021-06-11,0.14804765804382466
2021-06-12,-0.6018994868995199
2021-06-13,0.3672303149654052
2021-06-14,-0.8624771307974427
2021-06-15,-0.7460783870960443
2021-06-16,-0.8584438482935915
2021-06-17,0.1498930991540378
2021-06-18,0.402345040336629
2021-06-19,-0.3181037274224823
2021-06-20,-0.008007870143464296
2021-06-21,-0.39121956143647574
2021-06-22,-1.261752711498319
2021-06-23,-0.0692188814926579
2021-06-24,0.6017923243035789
2021-06-25,0.40378109794051004
2021-06-26,-0.3986285714733372
2021-06-27,-0.054437227307850194
2021-06-28,-0.5263608238842916
2021-06-29,-0.5078877976930081
2021-06-30,-0.6499329043009147
2021-07-01,-0.9929741235919236
2021-07-02,-1.25286205965617
2021-07-03,-0.7066482174483778
2021-07-04,-0.8072240632076151
2021-07-05,0.5804426194568719
2021-07-06,0.6041818754264143
2021-07-07,-0.9122092673200276
2021-07-08,-0.8875276128779743
2021-07-09,-1.3295765893918792
2021-07-10,-0.47519047937346626
2021-07-11,-0.8670358382602086
2021-07-12,-0.7235394206712772
2021-07-13,-0.5989627157952121
2021-07-14,-0.0738105019253756
2021-07-15,0.4123767991477992
2021-07-16,-0.5275724064362943
2021-07-17,-0.895217487109281
2021-07-18,-0.4363117876918928
2021-07-19,1.028528803394378
2021-07-20,0.964159835774857
2021-07-21,-0.9945028249475917
2021-07-22,-0.5459459260677301
2021-07-23,0.07022743616245547
2021-07-24,-0.006863178047178731
2021-07-25,0.8225496575357412
2021-07-26,0.7704751882318011
2021-07-27,-0.01830002430474395
2021-07-28,-0.4847117664031027
2021-07-29,-0.23304114901622985
2021-07-30,-0.8871654796182378
2021-07-31,-0.4814430749459645
2021-08-01,-0.8472016543609073
2021-08-02,-0.7755078868855427
2021-08-03,0.15006709397739582
2021-08-04,0.5051822610516283
2021-08-05,0.533873950095438
2021-08-06,1.2028027621891548
2021-08-07,0.37146534890205196
2021-08-08,0.3389199215281204
2021-08-09,0.28117566903702185
2021-08-10,-0.09712480189846241
2021-08-11,0.1277622486348502
2021-08-12,-0.06290757318943521
2021-08-13,-0.006660100041337935
2021-08-14,-0.5897497579264821
2021-08-15,-0.8819711996431873
2021-08-16,-0.676935934178843
2021-08-17,-0.2667816668462538
2021-08-18,-0.49938352521942353
2021-08-19,-0.4095890763830523
2021-08-20,0.2177986799767549
2021-08-21,-0.15832209932259156
2021-08-22,0.14981192860804898
2021-08-23,-0.3789590621113706
2021-08-24,0.8788825137776364
2021-08-25,1.1096816294272875
2021-08-26,0.49128490663786567
2021-08-27,-0.5719309683120395
2021-08-28,-0.40592924310241996
2021-08-29,-0.17420818271870234
2021-08-30,-0.25989756119080815
2021-08-31,-0.6210283134846077
2021-09-01,-0.7818622536704979
2021-09-02,-0.7498681743378434
2021-09-03,-0.9046039109071435
2021-09-04,-0.4591343626549179
2021-09-05,-0.3986454830598075
2021-09-06,-0.8532344996733501
2021-09-07,0.6747402732540154
2021-09-08,0.023835344873106817
2021-09-09,-0.6041607161893917
2021-09-10,-0.29794487742897596
2021-09-11,0.19200882568268549
2021-09-12,-0.2772126823395469
2021-09-13,-0.28517485162571277
2021-09-14,
2021-09-15,-0.3787377999446654
2021-09-16,-0.43892537516035746
2021-09-17,-0.006619573026792613
2021-09-18,-0.44558197211224543
2021-09-19,-1.0439227439678176
2021-09-20,-0.2769863163625731
2021-09-21,-0.05221938244129346
2021-09-22,-1.3519814099343932
2021-09-23,-0.5750130890154336
2021-09-24,-0.3331091822096205
2021-09-25,-0.01695392222441187
2021-09-26,-0.4253494946086692
2021-09-27,0.2977629173818252
2021-09-28,-0.8674320686933771
2021-09-29,-0.6121681988184788
2021-09-30,-1.1472208745874628
2021-10-01,1.3134427054843758
2021-10-02,1.1347046558054092
2021-10-03,0.04897959271968544
2021-10-04,-1.1989063336893575
2021-10-05,-0.9473389690476633
2021-10-06,-0.7581728481632227
2021-10-07,-0.6069459913343093
2021-10-08,-0.5617028237860471
2021-10-09,-0.7669655459598751
2021-10-10,-0.7073843199528294
2021-10-11,-0.7476931831486289
2021-10-12,-0.4440137166641118
2021-10-13,0.060472573730035444
2021-10-14,0.8786890230450107
2021-10-15,0.1273124278781781
2021-10-16,-0.7246138195400278
2021-10-17,-0.7905501166388821
2021-10-18,-0.40400404387514277
2021-10-19,0.45143195342587106
2021-10-20,1.146698197907443
2021-10-21,0.5281313935333929
2021-10-22,-0.8771436189828767
2021-10-23,-0.4053722048495922
2021-10-24,1.6883626193937575
2021-10-25,-0.5106380523353635
2021-10-26,-1.1374684088902203
2021-10-27,-0.5651721747293735
2021-10-28,-0.37474019590670493
2021-10-29,-0.41118137705666
2021-10-30,-0.7689052871612819
2021-10-31,-0.7691503020960322
2021-11-01,-0.436274778309523
2021-11-02,-0.1666785793183846
2021-11-03,-0.08556562325183256
2021-11-04,1.654866413243079
2021-11-05,1.9680546677201967
2021-11-06,2.1416717343735807
2021-11-07,1.8432450847509216
2021-11-08,3.2426025639824654
2021-11-09,0.7495414525333663
2021-11-10,0.17908078461586688
2021-11-11,-0.07408490244164628
2021-11-12,0.21064618010401834
2021-11-13,-0.5718730053194176
2021-11-14,-0.508282159692256
2021-11-15,-0.3480963918248079
2021-11-16,-0.23263824236465275
2021-11-17,0.006790959899201851
2021-11-18,-0.06951590498958862
2021-11-19,-0.3065212041984
2021-11-20,0.4006101879293212
2021-11-21,0.36067937398643574
2021-11-22,-0.2928156299242136
2021-11-23,-0.014596266485570275
2021-11-24,1.3688131301153317
2021-11-25,0.2852841613548035
2021-11-26,-0.4063994774370613
2021-11-27,-0.13261914590609614
2021-11-28,0.06298416846225899
2021-11-29,1.4953468810894706
2021-11-30,0.5569659135605951
2021-12-01,0.30412410178201604
2021-12-02,0.12231833086838424
2021-12-03,-0.012836784975152365
2021-12-04,0.07092126257989513
2021-12-05,-0.051630703048771515
2021-12-06,-0.14678164424141096
2021-12-07,-0.16760173653957527
2021-12-08,0.2672551627596243
2021-12-09,0.1976051636580118
2021-12-10,1.840129099900195
2021-12-11,0.11615484699234958
2021-12-12,0.14211191306241497
2021-12-13,0.48794278891397413
2021-12-14,-0.03680492345852499
2021-12-15,-0.1720550193086382
2021-12-16,2.141677110109116
2021-12-17,-0.2928963299305437
2021-12-18,-0.348469025735095
2021-12-19,-0.06533461014414468
2021-12-20,1.2072760887125562
2021-12-21,0.1697587522855381
2021-12-22,-0.1563619672640128
2021-12-23,-0.03289958883821212
2021-12-24,0.24065377758572673
2021-12-25,-0.29347322016462835
2021-12-26,-0.3822317009825805
2021-12-27,-0.5999342801223985
2021-12-28,-0.11226195315185412
2021-12-29,0.030777026286786968
2021-12-30,-0.23411656285960297
2021-12-31,0.032517369088102654
2022-01-01,-0.4196695876896574
2022-01-02,-0.31245495186455635
2022-01-03,0.032485042759162086
2022-01-04,0.9238903032316954
2022-01-05,0.30102441745224084
2022-01-06,0.2107551194001795
2022-01-07,-0.1117778697056201
2022-01-08,0.07615222642013567
2022-01-09,0.019056621474560814
2022-01-10,-0.011175187952217697
2022-01-11,0.055664522298392465
2022-01-12,0.4173939352915561
2022-01-13,0.12144945914853222
2022-01-14,-0.2111488100813128
2022-01-15,-0.026976758348101676
2022-01-16,0.043808851703791785
2022-01-17,0.016317425203126845
2022-01-18,0.29537560782227285
2022-01-19,0.4040063397075429
2022-01-20,-0.11342456830361358
2022-01-21,0.41128580031618633
2022-01-22,1.0595496561794455
2022-01-23,0.09174949542448727
2022-01-24,0.7393535679422548
2022-01-25,0.24780015938509758
2022-01-26,0.13522607906710932
2022-01-27,0.8093583382494844
2022-01-28,0.10191194332647413
2022-01-29,0.25135892306059276
2022-01-30,0.970551164915102
2022-01-31,1.62716373009571
2022-02-01,1.2848086941530643
2022-02-02,1.0196980376403368
2022-02-03,-0.36376605754157526
2022-02-04,-0.283373894445357
2022-02-05,0.02456715608421911
2022-02-06,1.2974863224977051
2022-02-07,2.4299171540440283
2022-02-08,0.4402778721472488
2022-02-09,1.0628287133649867
2022-02-10,0.2386220859849539
2022-02-11,0.2561750721296918
2022-02-12,-0.22039862283441894
2022-02-13,-0.1613642045020504
2022-02-14,-0.09177094921949187
2022-02-15,0.7639425694726212
2022-02-16,1.7109737972539525
2022-02-17,0.1126986749887185
2022-02-18,-0.17565834040445477
2022-02-19,-0.055071534003995476
2022-02-20,0.5982382111073142
2022-02-21,0.2979987837509406
2022-02-22,-0.004750169350119925
2022-02-23,-0.3515204697263919
2022-02-24,-0.15744549774535824
2022-02-25,-0.12104665155768812
2022-02-26,0.49475630999130393
2022-02-27,0.2403215280276147
2022-02-28,-0.007227308159217627
2022-03-01,0.6305419198550413
2022-03-02,0.22817071357674834
2022-03-03,-0.19066120946761644
2022-03-04,0.45363485226893363
2022-03-05,0.681070113891219
2022-03-06,0.045238353801987874
2022-03-07,-0.2842552956245177
2022-03-08,0.05994735684216432
2022-03-09,0.8984425156666931
2022-03-10,0.10692013869773019
2022-03-11,0.021982851611107516
2022-03-12,-0.16857191434453583
2022-03-13,-0.02558162248698191
2022-03-14,1.34789126504231
2022-03-15,0.197835094965859
2022-03-16,0.46438233374696014
2022-03-17,1.9209766120644705
2022-03-18,0.4266094710058216
2022-03-19,-0.3053179251192246
2022-03-20,-0.30581054705219946
2022-03-21,-0.11855688024620056
2022-03-22,-0.05085981787607993
2022-03-23,-0.32057913205427
2022-03-24,-0.4058118811175323
2022-03-25,-0.41882094536290143
2022-03-26,-0.5638328741919175
2022-03-27,-0.8218044774872759
2022-03-28,-0.5694490117636646
2022-03-29,-0.12320174818767948
2022-03-30,-0.1812874226352456
2022-03-31,-0.11704686863507278
2022-04-01,-0.4959986173945887
2022-04-02,0.16776031134729588
2022-04-03,-0.10382362759330808
2022-04-04,0.21387418120225987
2022-04-05,0.27273376624872286
2022-04-06,0.14295561507724214
2022-04-07,-0.11517480112987943
2022-04-08,-0.3562486007162721
2022-04-09,-0.4342500927366213
2022-04-10,-0.5748761525004307
2022-04-11,-0.2320320007566699
2022-04-12,0.43570571852389667
2022-04-13,0.31928804950491985
2022-04-14,-0.2701500077985521
2022-04-15,0.04046866075317046
2022-04-16,-0.5401103205796806
2022-04-17,-0.7090591161797504
2022-04-18,-0.5923235656194343
2022-04-19,-0.6465513846129872
2022-04-20,-0.3593109513136551
2022-04-21,-0.2326347201413156
2022-04-22,0.002218229427541067
2022-04-23,-0.12786266141624075
2022-04-24,0.3432447641926675
2022-04-25,-0.025250078693630038
2022-04-26,-0.7134872624993387
2022-04-27,-0.9143380201499227
2022-04-28,-0.2222565380489357
2022-04-29,0.04123641692624613
2022-04-30,0.03180436451739954
2022-05-01,-0.11909453186021476
2022-05-02,-0.28988425860693284
2022-05-03,-0.04746206121726815
2022-05-04,-0.76201460169639
2022-05-05,-0.21885229229861614
2022-05-06,0.06192668970974846
2022-05-07,0.0934011425950602
2022-05-08,0.288768669449375
2022-05-09,0.35028695366471546
2022-05-10,0.5678108216524438
2022-05-11,1.8525611302963187
2022-05-12,
2022-05-13,0.8466866483564468
2022-05-14,0.011816491475417495
2022-05-15,0.17304686894324936
2022-05-16,-0.25213434774765164
2022-05-17,-1.2078481074355767
2022-05-18,-0.45523937515877844
2022-05-19,0.04658576697192762
2022-05-20,0.18187237720800642
2022-05-21,0.007303109336694424
2022-05-22,-0.6828056698575348
2022-05-23,-0.41062233334947335
2022-05-24,-0.5304390330580121
2022-05-25,-0.35494147731864745
2022-05-26,-0.010374215726110234
2022-05-27,-0.37183175154965714
2022-05-28,-0.7850240276888959
2022-05-29,0.35773281428612047
2022-05-30,1.3681481870934618
2022-05-31,1.1287371262040231
2022-06-01,-0.0955405554597133
2022-06-02,-0.5908594496646611
2022-06-03,-0.04958754267620592
2022-06-04,-0.5483242476482895
2022-06-05,0.5064656860556351
2022-06-06,-0.20046365552731593
2022-06-07,-0.40107349279885507
2022-06-08,-0.5800828897461994
2022-06-09,-0.5531815119255088
2022-06-10,-0.6273816441057605
2022-06-11,0.14578197444765864
2022-06-12,-0.20338831804432256
2022-06-13,-0.4185619687616716
2022-06-14,-0.20849807273205817
2022-06-15,-0.37092775422095514
2022-06-16,1.3046760313015464
2022-06-17,-0.3721487853975573
2022-06-18,-0.9253290249388537
2022-06-19,-0.6940635451527729
2022-06-20,1.3175598081321795
2022-06-21,2.5921063950787544
2022-06-22,1.2025306206935815
2022-06-23,-1.0079353515396208
2022-06-24,0.45677018700396044
2022-06-25,1.3792029611963723
2022-06-26,1.8542133644828303
2022-06-27,-0.8451165738867596
2022-06-28,-0.02095526738983912
2022-06-29,0.30023506287795326
2022-06-30,0.8062966032540441
2022-07-01,1.5995309210246877
2022-07-02,-0.4398467270105498
2022-07-03,-1.0318925952887157
2022-07-04,0.5451069174146245
2022-07-05,-0.11121723887945602
2022-07-06,-0.9923139568796279
2022-07-07,-0.4627206417544079
2022-07-08,-0.498118988669451
2022-07-09,-0.8745428276582998
2022-07-10,-0.40767994568070454
2022-07-11,1.2277566562733984
2022-07-12,-0.39414576737145723
2022-07-13,-0.6440827038002831
2022-07-14,-0.9343069812171284
2022-07-15,0.23731857217148505
2022-07-16,0.6706315832650904
2022-07-17,0.5656988861643462
2022-07-18,-0.565526724511783
2022-07-19,0.2821820346248973
2022-07-20,0.9577997486777784
2022-07-21,0.07338726205159496
2022-07-22,0.639982091759031
2022-07-23,0.5604072321688124
2022-07-24,-0.09671345609021464
2022-07-25,-1.0631466920348633
2022-07-26,-0.43359497853759266
2022-07-27,0.5264574863137168
2022-07-28,0.1783893898712664
2022-07-29,-0.9853631835709298
2022-07-30,-1.3428718238687336
2022-07-31,0.10647632042463201
2022-08-01,0.6922168406034869
2022-08-02,-1.0835038409524032
2022-08-03,0.05631200895850538
2022-08-04,-0.02127055094277523
2022-08-05,-0.5429712186141191
2022-08-06,0.3591455610238589
2022-08-07,0.3018016078815998
2022-08-08,-0.17323009930683608
2022-08-09,-1.5545361268103417
2022-08-10,0.37235607214904587
2022-08-11,-1.0867153744840208
2022-08-12,-0.9685900195124864
2022-08-13,0.17015094021832244
2022-08-14,-0.09087203341764766
2022-08-15,-0.3883560293510754
2022-08-16,-0.4159848766590879
2022-08-17,-0.295538513649664
2022-08-18,-0.14059472283523392
2022-08-19,0.7040779905306107
2022-08-20,0.7584195803914302
2022-08-21,-0.2600020215925293
2022-08-22,-0.8072126239892261
2022-08-23,-0.7475086692521777
2022-08-24,-0.6286846793158061
2022-08-25,-0.8775847100919731
2022-08-26,-0.8067128534847486
2022-08-27,-1.0818087164944878
2022-08-28,-0.7042693580964788
2022-08-29,0.007446224163244461
2022-08-30,-0.09659870153216615
2022-08-31,-0.8283864263394419
2022-09-01,-0.6220956028194486
2022-09-02,0.35280310560187006
2022-09-03,0.46380364000739693
2022-09-04,-1.3342672581859352
2022-09-05,-1.473076796435066
2022-09-06,-0.8734086262418342
2022-09-07,-0.7227178413102869
2022-09-08,-0.06913672924078984
2022-09-09,0.36709406219053514
2022-09-10,0.4934305782893709
2022-09-11,-0.32819651429767926
2022-09-12,-0.7820543388616795
2022-09-13,0.049200472410542415
2022-09-14,-0.3659118337517453
2022-09-15,-0.8500726164773208
2022-09-16,0.26826135953161234
2022-09-17,0.16117297950857454
2022-09-18,0.3838354292762377
2022-09-19,0.39213051764356494
2022-09-20,-0.5033357841444684
2022-09-21,0.25694481690339166
2022-09-22,-1.2829359151169613
2022-09-23,-1.0783945643363118
2022-09-24,-0.207797262426906
2022-09-25,-0.5216179637961187
2022-09-26,-0.664664747649945
2022-09-27,-0.48328807814653457
2022-09-28,-0.897006920697332
2022-09-29,-0.6469147410248152
2022-09-30,0.6106972882410245
2022-10-01,-0.4712533391885908
2022-10-02,-0.8438606151808328
2022-10-03,-0.10594083948170577
2022-10-04,0.8558357858119865
2022-10-05,2.5821371331084233
2022-10-06,2.391687346241755
2022-10-07,-0.924462277852466
2022-10-08,-0.6260623468366528
2022-10-09,-0.1680384592657714
2022-10-10,-0.15123136282373467
2022-10-11,1.5562495367180589
2022-10-12,0.6971138689282602
2022-10-13,0.04331125294637703
2022-10-14,0.35259048545591276
2022-10-15,-0.22027973578090437
2022-10-16,0.2960675327767368
2022-10-17,-0.5901500901058658
2022-10-18,-0.7322850387791513
2022-10-19,-0.7937020705442506
2022-10-20,-0.022126037996759967
2022-10-21,2.19960226666754
2022-10-22,2.6260670734807285
2022-10-23,1.1180188618824003
2022-10-24,0.7512161152866417
2022-10-25,-0.059396716919582496
2022-10-26,-0.28276977284879007
2022-10-27,-0.7078168072401677
2022-10-28,-0.37978298234955576
2022-10-29,1.1181848491154243
2022-10-30,1.0177177236662711
2022-10-31,0.9897064355107059
2022-11-01,0.6691011814397145
2022-11-02,1.407574926399613
2022-11-03,0.8107896181936245
2022-11-04,0.8860416141349419
2022-11-05,0.22110535882590898
2022-11-06,0.07825540674254083
2022-11-07,-0.1301168527393481
2022-11-08,-0.3480286432321442
2022-11-09,0.3266933169927151
2022-11-10,2.197756668039617
2022-11-11,0.23082554489152463
2022-11-12,-0.7882943944832225
2022-11-13,-0.5870412829101086
2022-11-14,-0.04256746357308783
2022-11-15,-0.23871738002032994
2022-11-16,-0.13105403765563559
2022-11-17,0.03603598520650327
2022-11-18,0.21325855137659946
2022-11-19,-0.14832863897915854
2022-11-20,-0.2754552598395724
2022-11-21,0.4351404019223783
2022-11-22,0.664549824310526
2022-11-23,1.894672078257108
2022-11-24,1.177342970116746
2022-11-25,0.012898595503707519
2022-11-26,0.236036917339298
2022-11-27,-0.03246574884676883
2022-11-28,-0.47491124685798314
2022-11-29,-0.28243564544762656
2022-11-30,-0.44959627416873416
2022-12-01,-0.27747619430006576
2022-12-02,0.18797604650275218
2022-12-03,-0.3374645429840546
2022-12-04,-0.1911485443695785
2022-12-05,0.4923437764021558
2022-12-06,0.001736634551507646
2022-12-07,-0.14123800991095614
2022-12-08,-0.3944418888192786
2022-12-09,-0.48730651694930016
2022-12-10,-0.26513113750622685
2022-12-11,-0.43467485987711985
2022-12-12,-0.21408185659636333
2022-12-13,0.270794095470553
2022-12-14,0.02416502533076187
2022-12-15,-0.34849939700093296
2022-12-16,-0.1401413887212724
2022-12-17,-0.22170237183935274
2022-12-18,-0.29277128321046236
2022-12-19,-0.1622724730445549
2022-12-20,-0.00801928684979987
2022-12-21,0.33369782509188
2022-12-22,0.1006155147106433
2022-12-23,-0.3961057109082854
2022-12-24,-0.20650393314604823
2022-12-25,-0.07371186633224563
2022-12-26,0.24576090852695848
2022-12-27,0.3531831266208474
2022-12-28,0.4857146470552316
2022-12-29,0.6081437737387061
2022-12-30,0.5282744085523273
2022-12-31,-0.21592733407797363
2023-01-01,-0.15893071981975265
2023-01-02,0.004601945525709028
2023-01-03,-0.10919818702116829
2023-01-04,-0.41226396143587557
2023-01-05,-0.18922323640486086
2023-01-06,-0.20093038016864484
2023-01-07,-0.41652909888090733
2023-01-08,-0.14973741102404498
2023-01-09,0.15405305971258682
2023-01-10,-0.24727503258620634
2023-01-11,-0.27541900632763366
2023-01-12,-0.16352083406382523
2023-01-13,-0.3764106444965656
2023-01-14,-0.10215656134372558
2023-01-15,0.45996098217797327
2023-01-16,0.2122860704167836
2023-01-17,-0.043611819955466175
2023-01-18,-0.5543679439010023
2023-01-19,-0.3862804557211562
2023-01-20,-0.2913994033456325
2023-01-21,-0.1591443583523532
2023-01-22,-0.158074830273502
2023-01-23,-0.1961993884800355
2023-01-24,0.12002251519849157
2023-01-25,0.007400481322284998
2023-01-26,-0.11701105161518545
2023-01-27,0.20676439731393914
2023-01-28,0.2455104374397724
2023-01-29,0.09029876676547821
2023-01-30,0.16175757706683638
2023-01-31,0.346626224417738
2023-02-01,0.8497897340098124
2023-02-02,0.8784687437057608
2023-02-03,0.015324087823335442
2023-02-04,0.5192688597474306
2023-02-05,0.447522311134702
2023-02-06,0.39389885884656034
2023-02-07,0.4259850388346351
2023-02-08,0.7409199332641387
2023-02-09,0.40040863932973064
2023-02-10,-0.4259378853476547
2023-02-11,0.05236151130126959
2023-02-12,1.1861877486963786
2023-02-13,0.9039929911792222
2023-02-14,1.6972493901791512
2023-02-15,0.355728568528987
2023-02-16,-0.4783652555234489
2023-02-17,-0.30769614166065584
2023-02-18,0.21127542267021415
2023-02-19,0.8353876422967659
2023-02-20,0.10125631730456469
2023-02-21,-0.051545030043676165
2023-02-22,-0.2785822167376866
2023-02-23,0.08111746601508579
2023-02-24,0.05468927075369068
2023-02-25,0.382714103603376
2023-02-26,0.5994246879171828
2023-02-27,0.14362529382539635
2023-02-28,0.18548782504370587
2023-03-01,0.499671026054193
2023-03-02,0.27958775298557026
2023-03-03,-0.16629438140399055
2023-03-04,-0.06351519524845012
2023-03-05,0.7115616859384126
2023-03-06,0.5552869081929966
2023-03-07,0.06295422364504433
2023-03-08,-0.02337998609457731
2023-03-09,-0.03005208291241318
2023-03-10,-0.349516879433158
2023-03-11,-0.3807845416139177
2023-03-12,-0.16548150832242634
2023-03-13,-0.0642929110724993
2023-03-14,-0.3295918143599356
2023-03-15,0.11928851903462712
2023-03-16,1.9685459613624818
2023-03-17,0.06225837790961915
2023-03-18,-0.1618006493614235
2023-03-19,-0.16225790776140714
2023-03-20,0.7037968159173826
2023-03-21,0.9254701054941835
2023-03-22,0.4932220945153571
2023-03-23,0.5316292123147984
2023-03-24,0.1192741799767466
2023-03-25,-0.4655006227635078
2023-03-26,-0.09034629248550743
2023-03-27,0.26194480356423955
2023-03-28,0.617653027509697
2023-03-29,0.7338943192705603
2023-03-30,0.20044741797029658
2023-03-31,0.13052431161188174
2023-04-01,-0.2501551001470908
2023-04-02,-0.1606738972324872
2023-04-03,0.3318765598433117
2023-04-04,0.010173315138610646
2023-04-05,-0.2609050475924875
2023-04-06,-0.04715908967991833
2023-04-07,-0.24771118840869105
2023-04-08,0.03542400432392101
2023-04-09,0.5794294965261976
2023-04-10,2.745747189614564
2023-04-11,1.5217415981577238
2023-04-12,1.1317365882761472
2023-04-13,1.6360146224357135
2023-04-14,2.4968183971405375
2023-04-15,1.9653208934539643
2023-04-16,2.4653780652160906
2023-04-17,-0.7457898737882542
2023-04-18,-0.7152946944447693
2023-04-19,-0.43214621474429205
2023-04-20,-0.28645045954772913
2023-04-21,-0.09753989035031407
2023-04-22,-0.7483285733620543
2023-04-23,-0.40560782046120625
2023-04-24,-0.6566726889364686
2023-04-25,-0.060020225759504234
2023-04-26,-0.597951123156615
2023-04-27,-0.2655160474617424
2023-04-28,0.1687172444275931
2023-04-29,-0.4109514884648875
2023-04-30,-0.7156030588558171
2023-05-01,-0.5852895831241685
2023-05-02,-1.0119985038906831
2023-05-03,-1.051875613881376
2023-05-04,-0.9226543531042533
2023-05-05,-0.4956708871489924
2023-05-06,0.12032561102553893
2023-05-07,-0.3486314582757365
2023-05-08,-0.4217110618638591
2023-05-09,-0.4127640285002414
2023-05-10,0.48023379209779765
2023-05-11,1.2361703358090197
2023-05-12,0.9530593435124998
2023-05-13,-0.2332398789370506
2023-05-14,-0.4473121916324118
2023-05-15,-0.08353395408840467
2023-05-16,0.16332307324276274
2023-05-17,-0.6601157290567442
2023-05-18,-0.27376807584476703
2023-05-19,0.6666240688700215
2023-05-20,-0.1693998784521769
2023-05-21,-0.5329916765383209
2023-05-22,-0.34803114209438146
2023-05-23,0.019685271303011537
2023-05-24,-0.3098171682382004
2023-05-25,-0.7677379529322907
2023-05-26,-0.20519736969310565
2023-05-27,0.4927720402009687
2023-05-28,0.20891689003985675
2023-05-29,0.3794675440686068
2023-05-30,0.8656804349514171
2023-05-31,2.354018269072041
2023-06-01,1.2335716779565145
2023-06-02,0.7393183416412914
2023-06-03,0.03468163431371318
2023-06-04,0.11666146207309702
2023-06-05,1.0337182483023823
2023-06-06,1.5449519198414552
2023-06-07,0.8756908517295896
2023-06-08,0.015719844217948697
2023-06-09,-0.05599563994364676
2023-06-10,0.4145301439802128
2023-06-11,0.1124674518020162
2023-06-12,-0.5713854005946133
2023-06-13,-0.40464891525801144
2023-06-14,-0.5025825656194002
2023-06-15,-0.4026120363574882
2023-06-16,-0.3894887482494799
2023-06-17,-0.043816248776481714
2023-06-18,0.7931553433611275
2023-06-19,-0.6749367778403623
2023-06-20,-0.5619265446225226
2023-06-21,-0.1000161393898974
2023-06-22,-0.26751635812630326
2023-06-23,-0.7650943984817151
2023-06-24,-0.9954584809916226
2023-06-25,-0.39760891526210396
2023-06-26,-0.5624201497969207
2023-06-27,-0.10149914368419027
2023-06-28,1.1189482280559468
2023-06-29,0.6885922561030144
2023-06-30,1.5734122568328295
2023-07-01,0.504403413963855
2023-07-02,-0.19658885414882812
2023-07-03,-0.3786220841740446
2023-07-04,-0.059646349209998215
2023-07-05,0.397996424644904
2023-07-06,0.18670616392932649
2023-07-07,-0.6317269743625885
2023-07-08,-0.5271461052865406
2023-07-09,-0.6345493783765714
2023-07-10,0.11094841951864733
2023-07-11,0.510105922687027
2023-07-12,-0.3424645361638859
2023-07-13,-0.5870104870503514
2023-07-14,-0.09879962522889366
2023-07-15,-0.5138895981678961
2023-07-16,-0.06960234349829827
2023-07-17,0.3360001256539839
2023-07-18,-0.7857187327048178
2023-07-19,-0.41417550588930435
2023-07-20,0.6923252541946947
2023-07-21,-0.630371661847299
2023-07-22,-0.7541750227691698
2023-07-23,-0.31279726538902064
2023-07-24,-0.06736846747151115
2023-07-25,0.2648371972755483
2023-07-26,0.929314505536327
2023-07-27,-0.14823123345370726
2023-07-28,0.512251726263841
2023-07-29,-1.0522619140668525
2023-07-30,-0.8047375229086409
2023-07-31,-0.8618671689858165
2023-08-01,-0.5650646104081667
2023-08-02,0.5682025180208023
2023-08-03,0.38348297136734555
2023-08-04,-0.34570068548780297
2023-08-05,
2023-08-06,
2023-08-07,
2023-08-08,
2023-08-09,-0.12296191103263565
2023-08-10,-0.03568692278792664
2023-08-11,-0.6826061657144334
2023-08-12,-0.5336521848122312
2023-08-13,-1.1368686190297588
2023-08-14,-0.6172771100582083
2023-08-15,-0.750366397918393
2023-08-16,0.4700848318467592
2023-08-17,0.15127642047499784
2023-08-18,-0.9059093723713968
2023-08-19,-0.41423904085120195
2023-08-20,0.14314921616062687
2023-08-21,-0.7318010532361915
2023-08-22,-0.4847207045517016
2023-08-23,-0.17924916375274932
2023-08-24,-0.6471001310786011
2023-08-25,-0.7890486638791654
2023-08-26,-0.8043192198779561
2023-08-27,-0.8957136684314458
2023-08-28,-0.39239595365488744
2023-08-29,0.3375085345604206
2023-08-30,-0.9114550840198336
2023-08-31,-0.42422689672406716
2023-09-01,0.7023080079852029
2023-09-02,0.0459520484611699
2023-09-03,0.28706531093559595
2023-09-04,0.4073138999178363
2023-09-05,
2023-09-06,1.1615622247851016
2023-09-07,-0.16456686915604804
2023-09-08,-1.389293961631935
2023-09-09,-1.009123662136147
2023-09-10,-1.003291595154415
2023-09-11,-0.49200478780592377
2023-09-12,-0.44934594092845626
2023-09-13,-0.7516673368273
2023-09-14,-0.569741494845092
2023-09-15,0.02907443132304989
2023-09-16,0.39370803590840747
2023-09-17,0.5759841057499023
2023-09-18,-0.46888910296069897
2023-09-19,-0.5996547149273744
2023-09-20,0.2748656859946633
2023-09-21,0.21695525664752657
2023-09-22,-0.30440615811718796
2023-09-23,-0.3860542798593124
2023-09-24,-0.3965323539304298
2023-09-25,-0.3690529361424384
2023-09-26,-0.5236510192403625
2023-09-27,-0.34604630799082775
2023-09-28,-0.26731847477067283
2023-09-29,-0.42049312013243323
2023-09-30,-0.03248648004080201
2023-10-01,-0.014324725241664699
2023-10-02,1.1103668870021621
2023-10-03,2.408154960363191
2023-10-04,1.2309038827684597
2023-10-05,0.8689820817371035
2023-10-06,-0.02655625619241611
2023-10-07,-0.8607123924142102
2023-10-08,-1.118579716226629
2023-10-09,-0.6929722661820243
2023-10-10,-0.47691386338050457
2023-10-11,-0.4171494179103534
2023-10-12,-0.6739235565278647
2023-10-13,-0.4266556916795289
2023-10-14,-0.9822367285047514
2023-10-15,-1.114488002543546
2023-10-16,-0.8733244570489611
2023-10-17,-0.10783978912547357
2023-10-18,0.5385198529193648
2023-10-19,-0.24497424276095137
2023-10-20,-0.16011270904351116
2023-10-21,-1.0159215980835832
2023-10-22,-0.6573653018446359
2023-10-23,0.5332912487771198
2023-10-24,1.4828723306549847
2023-10-25,1.0549689902290673
2023-10-26,0.5282702914798881
2023-10-27,0.20495109780497958
2023-10-28,-0.8939483377945565
2023-10-29,-0.8859225042071148
2023-10-30,-0.38175912789029853
2023-10-31,0.28617440186786497
2023-11-01,-0.08223143418480186
2023-11-02,0.6254906724727899
2023-11-03,1.7922881102959995
2023-11-04,0.4532433599838587
2023-11-05,-0.005131182727551257
2023-11-06,0.3285457108425869
2023-11-07,-0.5096022119750523
2023-11-08,-0.3596904253726371
2023-11-09,-0.09219917340585249
2023-11-10,0.042340689249643154
2023-11-11,
2023-11-12,0.09275276009926184
2023-11-13,0.30101065862855275
2023-11-14,-0.17057658431511066
2023-11-15,0.6915653661783001
2023-11-16,2.739917891756636
2023-11-17,0.8756228614966982
2023-11-18,-0.03557466501165432
2023-11-19,-0.2151375094470375
2023-11-20,-0.15725226256117952
2023-11-21,-0.3128222406137503
2023-11-22,-0.4071770632762778
2023-11-23,-0.03444392786544538
2023-11-24,-0.09105087048988855
2023-11-25,0.3321774753415493
2023-11-26,0.5202652766176611
2023-11-27,-0.07090314651500315
2023-11-28,-0.10296535669644666
2023-11-29,0.288732128804835
2023-11-30,1.0040363447694687
2023-12-01,0.1327722079851812
2023-12-02,-0.5704145789840276
2023-12-03,-0.7265703866943902
2023-12-04,-0.301548955589857
2023-12-05,0.08081935777342213
2023-12-06,-0.002936745888894296
2023-12-07,0.45727956783892215
2023-12-08,0.3529277222973155
2023-12-09,0.2081214533441175
2023-12-10,-0.5938408439926575
2023-12-11,-0.3338130997007263
2023-12-12,0.09925399209051049
2023-12-13,0.09738001142784897
2023-12-14,0.5103577285267078
2023-12-15,0.9250271733606754
2023-12-16,0.4454453633112485
2023-12-17,0.2523673419120016
2023-12-18,-0.33891397078655994
2023-12-19,0.02227813189874628
2023-12-20,0.1403198374946357
2023-12-21,-0.23914728740696037
2023-12-22,-0.16315453921919296
2023-12-23,-0.029179972488332095
2023-12-24,-0.08185327503113088
2023-12-25,-0.0626650904662246
2023-12-26,0.163348209083929
2023-12-27,-0.6854314330331622
2023-12-28,-0.9888458171623882
2023-12-29,-0.6382795179363305
2023-12-30,-0.5348392708820995
2023-12-31,-0.41127730592587985
2024-01-01,-0.08402271053618574
2024-01-02,0.4587322959791873
2024-01-03,0.23138459384274923
2024-01-04,0.37020418150769563
2024-01-05,0.7422750920672758
2024-01-06,0.5872526890060363
2024-01-07,0.25776578786385224
2024-01-08,0.7498355486592019
2024-01-09,0.3025010392519304
2024-01-10,-0.17842900842774814
2024-01-11,0.44409097958739874
2024-01-12,-0.3622117785263406
2024-01-13,-0.25181443324829783
2024-01-14,0.0077279943378871785
2024-01-15,0.33979974295562365
2024-01-16,0.8653159299870959
2024-01-17,0.5829386625189221
2024-01-18,0.8054134157988528
2024-01-19,-0.11914675881164258
2024-01-20,-0.1297763449783415
2024-01-21,0.14018924696072999
2024-01-22,0.59767726060488
2024-01-23,0.6825960327858622
2024-01-24,-0.13199338833869687
2024-01-25,-0.2548024408099203
2024-01-26,-0.3473000121550078
2024-01-27,-0.3463565771241742
2024-01-28,-0.5559648704683436
2024-01-29,-0.3583050136418322
2024-01-30,-0.22455297502208849
2024-01-31,0.2237164027102908
2024-02-01,-0.06941277447722097
2024-02-02,-0.7274452474460229
2024-02-03,0.11897040096846873
2024-02-04,0.12190963659849707
2024-02-05,-0.1637106364385954
2024-02-06,0.3833544161577782
2024-02-07,0.6599277987226291
2024-02-08,0.29202869480755556
2024-02-09,0.7245612935830021
2024-02-10,-0.2609919920199466
2024-02-11,-0.5563700807918801
2024-02-12,0.0019042695383381103
2024-02-13,0.6115116485707001
2024-02-14,0.12895456480786466
2024-02-15,0.42255719211559206
2024-02-16,-0.21880776748391328
2024-02-17,-0.29443134874556703
2024-02-18,0.016886435754007986
2024-02-19,0.1694109117160637
2024-02-20,1.0925061493325083
2024-02-21,1.813523611307413
2024-02-22,1.6688747194678357
2024-02-23,1.183639027310622
2024-02-24,-0.25840306574798544
2024-02-25,0.7084222655067867
2024-02-26,0.369516791281616
2024-02-27,0.583474117255952
2024-02-28,-0.17190397104218477
2024-02-29,-0.13058493258553672
2024-03-01,0.9761014769101517
2024-03-02,0.06416182405973646
2024-03-03,-0.2247092696129887
2024-03-04,-0.14006420204940512
2024-03-05,0.06233900563134819
2024-03-06,-0.9993711083201435
2024-03-07,-0.38615948338474165
2024-03-08,-0.19961520944658448
2024-03-09,-0.7488266026529196
2024-03-10,-0.525331746811907
2024-03-11,-0.04614788018240762
2024-03-12,1.5958366572988503
2024-03-13,0.85835141510396
2024-03-14,0.7692056178700513
2024-03-15,-0.4466971901686325
2024-03-16,-0.10448136089627356
2024-03-17,-0.5803227304635854
2024-03-18,-0.3736112324915387
2024-03-19,-0.17141861527787455
2024-03-20,-0.3320314933229439
2024-03-21,-0.24436461263828557
2024-03-22,-0.10366314177327038
2024-03-23,-0.21083614844095971
2024-03-24,-0.058968706142075555
2024-03-25,0.060813825327874216
2024-03-26,0.05205335920144151
2024-03-27,-0.16790050557144662
2024-03-28,0.20795364882120593
2024-03-29,-0.1257684739682252
2024-03-30,0.19258022432346755
2024-03-31,-0.09470484597021628
2024-04-01,-0.15453241979743434
2024-04-02,-0.2310256046907192
2024-04-03,-0.6079122773366753
2024-04-04,-0.6608472782048935
2024-04-05,-0.5116690469013221
2024-04-06,-0.31270207537311523
2024-04-07,0.029971629405678157
2024-04-08,0.185916057443349
2024-04-09,1.9277301468916244
2024-04-10,-0.05259389118644037
2024-04-11,-0.2076007606142198
2024-04-12,-0.6547704429340054
2024-04-13,-0.3887189812038983
2024-04-14,0.2472141208722087
2024-04-15,-0.14391284466341792
2024-04-16,-0.13623426363487706
2024-04-17,-0.4482021053231027
2024-04-18,-0.3387489095167561
2024-04-19,-0.41212120513899425
2024-04-20,-0.4511582721699187
2024-04-21,-0.3467111824264958
2024-04-22,0.4741100414813201
2024-04-23,1.9697778586763037
2024-04-24,-0.3238104191384785
2024-04-25,-0.17731589051366442
2024-04-26,0.015334723037216454
2024-04-27,-0.11193306174658996
2024-04-28,-0.10051147374708869
2024-04-29,-0.8258032135542219
2024-04-30,-0.36957505028305815
2024-05-01,0.03276894126275309
2024-05-02,-0.4387435024765911
2024-05-03,-0.405648627749534
2024-05-04,-0.23611057503526447
2024-05-05,-0.6768463308660714
2024-05-06,-0.49836377646832253
2024-05-07,-0.47637439179890295
2024-05-08,-0.39176920072277605
2024-05-09,-0.8169857917074742
2024-05-10,-0.6430808929921944
2024-05-11,-0.3990031435904426
2024-05-12,-0.26245330587360627
2024-05-13,0.5506517043199941
2024-05-14,0.1359186940600522
2024-05-15,-0.15246874593999138
2024-05-16,-0.02079900618646674
2024-05-17,-0.6064160029051356
2024-05-18,-0.2501761451673277
2024-05-19,0.2677774899128228
2024-05-20,0.7107499611591175
2024-05-21,0.7216557428360368
2024-05-22,0.8219143746186395
2024-05-23,0.3864789923229064
2024-05-24,-0.10667774967388584
2024-05-25,-0.647234621918692
2024-05-26,0.14566824486025998
2024-05-27,-0.1553653951009632
2024-05-28,-0.6361752405534559
2024-05-29,-0.3737607914013163
2024-05-30,-0.274971736125342
2024-05-31,0.26344790482784847
2024-06-01,2.3500051591510718
2024-06-02,0.7710116101189463
2024-06-03,0.5719495395775688
2024-06-04,0.47386104030342724
2024-06-05,0.2639738162470765
2024-06-06,0.12166121656273696
2024-06-07,-0.8163978092997023
2024-06-08,-0.8260093745459786
2024-06-09,-0.7927189920440798
2024-06-10,-0.7616841425432426
2024-06-11,-0.4690117712744592
2024-06-12,1.3512001508182927
2024-06-13,1.333067741049632
2024-06-14,-0.28516988913089797
2024-06-15,-0.3344896591864916
2024-06-16,0.015020783945826288
2024-06-17,1.2772768065707196
2024-06-18,1.1594583324887824
2024-06-19,1.358234797109104
2024-06-20,0.4328768249830134
2024-06-21,-0.43226440499889257
2024-06-22,-0.269626252493232
2024-06-23,-0.46328527937264885
2024-06-24,-0.16701001096962326
2024-06-25,0.9220735518377559
2024-06-26,0.1751862374664494
2024-06-27,-0.8671726848785026
2024-06-28,-0.5609965758889605
2024-06-29,-0.29978225727848884
2024-06-30,-1.0047448391521474
2024-07-01,-0.29185243929258026
2024-07-02,0.04717044176572885
2024-07-03,0.7146911819623109
2024-07-04,0.3411536964601859
2024-07-05,0.13198869707726402
2024-07-06,-0.01509897653485135
2024-07-07,0.10042631795388887
2024-07-08,1.1924077582840586
2024-07-09,0.9453454604011648
2024-07-10,-0.6389344538106343
2024-07-11,-0.9283249759249791
2024-07-12,0.37030617353408557
2024-07-13,0.5089423270426169
2024-07-14,0.7550583245091131
2024-07-15,0.4273947813859348
2024-07-16,0.20383698098978192
2024-07-17,-0.03684945995509217
2024-07-18,-0.7918516336310167
2024-07-19,0.034028644699393526
2024-07-20,0.0524898184073224
2024-07-21,0.22855705550408215
2024-07-22,0.10662095017496795
2024-07-23,0.6041770034147156
2024-07-24,0.26815420107952315
2024-07-25,-0.9005111039715852
2024-07-26,-0.4052883241829443
2024-07-27,1.2479465382532007
2024-07-28,0.7506012711634439
2024-07-29,0.9692078275770332
2024-07-30,-0.044180368791257335
2024-07-31,0.21130501019969114
2024-08-01,1.2332890927995983
2024-08-02,0.8955079245887914
2024-08-03,0.4750646323972555
2024-08-04,0.18251646091580964
2024-08-05,0.12604648735782015
2024-08-06,-1.098167011440831
2024-08-07,-0.8360591044693695
2024-08-08,-0.926245635265581
2024-08-09,-0.843951824162267
2024-08-10,-0.8480726025072606
2024-08-11,-1.041844699735711
2024-08-12,-0.3459698772605113
2024-08-13,-0.2020892758585784
2024-08-14,0.789380568628971
2024-08-15,1.5273359055872024
2024-08-16,0.7919078981841324
2024-08-17,-0.43852052559841453
2024-08-18,-0.7872682084845077
2024-08-19,-1.1380047553916464
2024-08-20,-0.8130141197474012
2024-08-21,-0.552293738425047
2024-08-22,-0.26774070189957666
2024-08-23,0.6668115489647496
2024-08-24,1.5492373304573355
2024-08-25,1.4767280397671994
2024-08-26,1.9441497919186583
2024-08-27,1.000177937248664
2024-08-28,-0.7382551892737453
2024-08-29,-0.8320541197598648
2024-08-30,-0.3596425299607118
2024-08-31,-0.3627789713271942
2024-09-01,-0.38847255831317334
2024-09-02,-0.7610152896325695
2024-09-03,0.505238825244223
2024-09-04,0.8916369383547365
2024-09-05,0.25181746339680244
2024-09-06,-0.2438727049807729
2024-09-07,-1.5203908214232251
2024-09-08,-1.0032282300640567
2024-09-09,-0.41051392224705596
2024-09-10,0.3471403349337454
2024-09-11,0.5618936918196895
2024-09-12,-0.008778940045553314
2024-09-13,0.3724977000993771
2024-09-14,0.19499456581837232
2024-09-15,0.28596811611938466
2024-09-16,0.7492906228800823
2024-09-17,0.14408044711661605
2024-09-18,0.03475087446741973
2024-09-19,-0.16608951933334762
2024-09-20,0.2764342014644569
2024-09-21,-0.09776618547299759
2024-09-22,-0.35979751499642754
2024-09-23,-0.7308379156221184
2024-09-24,-1.360290572760318
2024-09-25,-0.9956516876764625
2024-09-26,-0.7603704753176674
2024-09-27,-0.6892162798466214
2024-09-28,-1.0005238084835015
2024-09-29,-0.8577737114885811
2024-09-30,-0.9028838774903609
2024-10-01,-0.5680119759374991
2024-10-02,-0.7260813950928549
2024-10-03,0.4050559559928571
2024-10-04,4.161745696687827e-05
2024-10-05,-0.44531397171064596
2024-10-06,-0.11016014699359991
2024-10-07,-0.7842152288684122
2024-10-08,-0.48826377344663163
2024-10-09,-0.752616505310022
2024-10-10,-0.949155766134767
2024-10-11,0.43630129623451475
2024-10-12,-0.832901580010901
2024-10-13,-0.9681788354907407
2024-10-14,-1.151319970906615
2024-10-15,-0.7928494002954408
2024-10-16,-0.9242323531304864
2024-10-17,0.13872785942910584
2024-10-18,1.5180993789745254
2024-10-19,1.820588597128698
2024-10-20,1.2744530493453943
2024-10-21,1.507166392948612
2024-10-22,2.5910127255814217
2024-10-23,0.41074668527706
2024-10-24,-0.5206129047325384
2024-10-25,-0.01755053788619125
2024-10-26,-0.5707094834658999
2024-10-27,-0.27495124058378684
2024-10-28,-0.43752453660299584
2024-10-29,-0.08003916795572341
2024-10-30,0.7744518716448645
2024-10-31,0.1263597294533017
2024-11-01,-0.761677427583203
2024-11-02,-0.33481218496402787
2024-11-03,-0.24125040977979417
2024-11-04,-0.08846874978742864
2024-11-05,0.8008068800487654
2024-11-06,-0.26871774016046324
2024-11-07,-0.5134362053847654
2024-11-08,-0.2891946516677485
2024-11-09,-0.38130771817292547
2024-11-10,-0.27724363109285544
2024-11-11,-0.6644451702241827
2024-11-12,-0.5924491066276849
2024-11-13,-0.5377653115288252
2024-11-14,-0.26083689318047426
2024-11-15,-0.19966575002112014
2024-11-16,-0.12824766513031055
2024-11-17,0.5010954576970474
2024-11-18,-0.04723722483607392
2024-11-19,-0.7909731701089224
2024-11-20,-0.7042034668559272
2024-11-21,0.20037378332733788
2024-11-22,-0.9114679520400233
2024-11-23,-0.7516165965629233
2024-11-24,-0.4540788937559843
2024-11-25,-0.5561323415062489
2024-11-26,-0.5855970688110982
2024-11-27,-0.2296190525303947
2024-11-28,-0.14201271243161107
2024-11-29,-0.2714850377743677
2024-11-30,-0.26406919147973984
2024-12-01,-0.22254799527460153
2024-12-02,-0.17369769086781325
2024-12-03,0.06609830574039594
2024-12-04,0.17516231984086356
2024-12-05,-0.19674548904871197
2024-12-06,0.21407217278815643
2024-12-07,0.1152390884034098
2024-12-08,-0.3748205086233578
2024-12-09,-0.4234666560464472
2024-12-10,0.5542022909962201
2024-12-11,0.2060755237731194
2024-12-12,-0.2853831043506997
2024-12-13,-0.01571480856661582
2024-12-14,0.6691328797389029
2024-12-15,0.0674803802317071
2024-12-16,-0.16014585077229304
2024-12-17,-0.21817516958349953
2024-12-18,-0.06166570153874487
2024-12-19,-0.27000775256880544
2024-12-20,-0.34084362123907785
2024-12-21,-0.18190456416895295
2024-12-22,0.17459412153142836
2024-12-23,0.38481445546805126
2024-12-24,0.4687023834037139
2024-12-25,0.16119240713016503
2024-12-26,0.27727422161629556
2024-12-27,0.27865217507803636
2024-12-28,0.7677162782886047
2024-12-29,0.07353487516728756
2024-12-30,-0.6101733224835865
2024-12-31,-0.004981173878907799
