Datetime,value,is_high_extreme,threshold
2021-01-01,,False,1.719406463275049
2021-01-02,,False,1.719406463275049
2021-01-03,,False,1.719406463275049
2021-01-04,,False,1.719406463275049
2021-01-05,,False,1.719406463275049
2021-01-06,,False,1.719406463275049
2021-01-07,,False,1.719406463275049
2021-01-08,,False,1.719406463275049
2021-01-09,,False,1.719406463275049
2021-01-10,,False,1.719406463275049
2021-01-11,,False,1.719406463275049
2021-01-12,,False,1.719406463275049
2021-01-13,,False,1.719406463275049
2021-01-14,,False,1.719406463275049
2021-01-15,,False,1.719406463275049
2021-01-16,,False,1.719406463275049
2021-01-17,,False,1.719406463275049
2021-01-18,,False,1.719406463275049
2021-01-19,,False,1.719406463275049
2021-01-20,,False,1.719406463275049
2021-01-21,,False,1.719406463275049
2021-01-22,,False,1.719406463275049
2021-01-23,,False,1.719406463275049
2021-01-24,,False,1.719406463275049
2021-01-25,,False,1.719406463275049
2021-01-26,,False,1.719406463275049
2021-01-27,,False,1.719406463275049
2021-01-28,,False,1.719406463275049
2021-01-29,,False,1.719406463275049
2021-01-30,0.6907483203526548,False,1.719406463275049
2021-01-31,0.4968939159355774,False,1.719406463275049
2021-02-01,0.263450659913687,False,1.719406463275049
2021-02-02,-0.0657866388639501,False,1.719406463275049
2021-02-03,-0.1377010237796845,False,1.719406463275049
2021-02-04,1.3956766037076818,False,1.719406463275049
2021-02-05,-0.3033897898025196,False,1.719406463275049
2021-02-06,0.1657307346058027,False,1.719406463275049
2021-02-07,0.0212714474709531,False,1.719406463275049
2021-02-08,0.3302461314099582,False,1.719406463275049
2021-02-09,0.7049804882641963,False,1.719406463275049
2021-02-10,0.3854678151719853,False,1.719406463275049
2021-02-11,0.1710640714853337,False,1.719406463275049
2021-02-12,0.0066482585274654,False,1.719406463275049
2021-02-13,-0.1712925455474179,False,1.719406463275049
2021-02-14,0.0915977951564914,False,1.719406463275049
2021-02-15,-0.2927457236065062,False,1.719406463275049
2021-02-16,-0.4055917182691018,False,1.719406463275049
2021-02-17,0.3386906742542467,False,1.719406463275049
2021-02-18,-0.0468927508091883,False,1.719406463275049
2021-02-19,0.095117160303595,False,1.719406463275049
2021-02-20,0.3505328644488613,False,1.719406463275049
2021-02-21,2.830780269781483,True,1.719406463275049
2021-02-22,0.5249818969012814,False,1.719406463275049
2021-02-23,0.5616744855049287,False,1.719406463275049
2021-02-24,0.9122352690058444,False,1.719406463275049
2021-02-25,0.0125096871819016,False,1.719406463275049
2021-02-26,0.8469455088225991,False,1.719406463275049
2021-02-27,0.4093230303830539,False,1.719406463275049
2021-02-28,0.1815189699757011,False,1.719406463275049
2021-03-01,-0.3017372613499187,False,1.719406463275049
2021-03-02,0.0379331111944895,False,1.719406463275049
2021-03-03,0.5423809539132971,False,1.719406463275049
2021-03-04,-0.3915758568765474,False,1.719406463275049
2021-03-05,-0.1152982149615174,False,1.719406463275049
2021-03-06,-0.2887213145786165,False,1.719406463275049
2021-03-07,-0.115337492937399,False,1.719406463275049
2021-03-08,2.239886297655898,True,1.719406463275049
2021-03-09,0.4890289191143248,False,1.719406463275049
2021-03-10,1.7308153643624171,True,1.719406463275049
2021-03-11,1.14810149131383,False,1.719406463275049
2021-03-12,-0.1765739574599718,False,1.719406463275049
2021-03-13,0.0986098726594725,False,1.719406463275049
2021-03-14,-0.1614054095337569,False,1.719406463275049
2021-03-15,-0.141058939623239,False,1.719406463275049
2021-03-16,-0.134158435817366,False,1.719406463275049
2021-03-17,1.1385373151068,False,1.719406463275049
2021-03-18,-0.1126539613003224,False,1.719406463275049
2021-03-19,0.2009312200616787,False,1.719406463275049
2021-03-20,0.5740319993234968,False,1.719406463275049
2021-03-21,1.605948816267498,False,1.719406463275049
2021-03-22,1.5029414866173725,False,1.719406463275049
2021-03-23,1.2550094086403356,False,1.719406463275049
2021-03-24,0.1939225253013161,False,1.719406463275049
2021-03-25,0.1925501287856252,False,1.719406463275049
2021-03-26,-0.7676573857716141,False,1.719406463275049
2021-03-27,-0.3958106496684219,False,1.719406463275049
2021-03-28,-0.6832869816372728,False,1.719406463275049
2021-03-29,-0.2490099851694058,False,1.719406463275049
2021-03-30,1.6136179615705242,False,1.719406463275049
2021-03-31,0.3950514364921151,False,1.719406463275049
2021-04-01,-0.4374397737170755,False,1.719406463275049
2021-04-02,-0.2846695319274885,False,1.719406463275049
2021-04-03,0.9908657497138824,False,1.719406463275049
2021-04-04,0.4340607287557408,False,1.719406463275049
2021-04-05,0.6762417913742141,False,1.719406463275049
2021-04-06,0.1775101263633849,False,1.719406463275049
2021-04-07,-0.0089214013330119,False,1.719406463275049
2021-04-08,0.3627148347083871,False,1.719406463275049
2021-04-09,-0.0754131202813488,False,1.719406463275049
2021-04-10,-0.2110008659809825,False,1.719406463275049
2021-04-11,-0.3852095558458825,False,1.719406463275049
2021-04-12,-0.6360916607883492,False,1.719406463275049
2021-04-13,-0.3401619855748806,False,1.719406463275049
2021-04-14,-0.1713934083088352,False,1.719406463275049
2021-04-15,-0.8577558168435784,False,1.719406463275049
2021-04-16,-1.1816287333293265,False,1.719406463275049
2021-04-17,-0.985427100986546,False,1.719406463275049
2021-04-18,-0.3736102431492289,False,1.719406463275049
2021-04-19,0.3662190641452623,False,1.719406463275049
2021-04-20,-0.4407423194378694,False,1.719406463275049
2021-04-21,-0.4569651376091105,False,1.719406463275049
2021-04-22,-0.3235553223265511,False,1.719406463275049
2021-04-23,0.5051936950513215,False,1.719406463275049
2021-04-24,1.5539474718496562,False,1.719406463275049
2021-04-25,-0.504754177772214,False,1.719406463275049
2021-04-26,-0.0269968585091931,False,1.719406463275049
2021-04-27,0.0288604401465803,False,1.719406463275049
2021-04-28,-0.4420672046022236,False,1.719406463275049
2021-04-29,-0.8781176467910287,False,1.719406463275049
2021-04-30,-0.7470884496525223,False,1.719406463275049
2021-05-01,0.0868386504434291,False,1.719406463275049
2021-05-02,-0.2336772556569581,False,1.719406463275049
2021-05-03,-0.6492493221039783,False,1.719406463275049
2021-05-04,-0.992335330122878,False,1.719406463275049
2021-05-05,-1.1157269073135114,False,1.719406463275049
2021-05-06,-0.5364039518966005,False,1.719406463275049
2021-05-07,-0.5360716571894597,False,1.719406463275049
2021-05-08,-0.5857793866566781,False,1.719406463275049
2021-05-09,-0.5910757701864993,False,1.719406463275049
2021-05-10,-0.7403331120736767,False,1.719406463275049
2021-05-11,-0.9937447979484144,False,1.719406463275049
2021-05-12,-0.5511957138392007,False,1.719406463275049
2021-05-13,-0.193129416997657,False,1.719406463275049
2021-05-14,0.627508402832884,False,1.719406463275049
2021-05-15,0.8975392967099006,False,1.719406463275049
2021-05-16,1.0509011785365272,False,1.719406463275049
2021-05-17,1.2541329475469916,False,1.719406463275049
2021-05-18,1.6626800276480949,False,1.719406463275049
2021-05-19,0.9469420392047604,False,1.719406463275049
2021-05-20,1.6717475300521445,False,1.719406463275049
2021-05-21,1.512196368592749,False,1.719406463275049
2021-05-22,-0.0513927278972401,False,1.719406463275049
2021-05-23,-0.7650710557053536,False,1.719406463275049
2021-05-24,-0.2501670313231146,False,1.719406463275049
2021-05-25,1.347855969869198,False,1.719406463275049
2021-05-26,-0.0010890572871033,False,1.719406463275049
2021-05-27,-0.8310574929775657,False,1.719406463275049
2021-05-28,-0.8727624897769224,False,1.719406463275049
2021-05-29,-0.4003137724351236,False,1.719406463275049
2021-05-30,-0.3813860959990636,False,1.719406463275049
2021-05-31,0.747954171838173,False,1.719406463275049
2021-06-01,0.5756843956737608,False,1.719406463275049
2021-06-02,0.9203434760484456,False,1.719406463275049
2021-06-03,-0.0592887097255597,False,1.719406463275049
2021-06-04,0.4973898787797983,False,1.719406463275049
2021-06-05,0.7772521482798893,False,1.719406463275049
2021-06-06,0.960451526192606,False,1.719406463275049
2021-06-07,1.0106617725360163,False,1.719406463275049
2021-06-08,-0.2982108567182501,False,1.719406463275049
2021-06-09,-0.1689378024188502,False,1.719406463275049
2021-06-10,-0.5503020781616885,False,1.719406463275049
2021-06-11,0.1480476580438246,False,1.719406463275049
2021-06-12,-0.6018994868995199,False,1.719406463275049
2021-06-13,0.3672303149654052,False,1.719406463275049
2021-06-14,-0.8624771307974427,False,1.719406463275049
2021-06-15,-0.7460783870960443,False,1.719406463275049
2021-06-16,-0.8584438482935915,False,1.719406463275049
2021-06-17,0.1498930991540378,False,1.719406463275049
2021-06-18,0.402345040336629,False,1.719406463275049
2021-06-19,-0.3181037274224823,False,1.719406463275049
2021-06-20,-0.0080078701434642,False,1.719406463275049
2021-06-21,-0.3912195614364757,False,1.719406463275049
2021-06-22,-1.261752711498319,False,1.719406463275049
2021-06-23,-0.0692188814926579,False,1.719406463275049
2021-06-24,0.6017923243035789,False,1.719406463275049
2021-06-25,0.40378109794051,False,1.719406463275049
2021-06-26,-0.3986285714733372,False,1.719406463275049
2021-06-27,-0.0544372273078501,False,1.719406463275049
2021-06-28,-0.5263608238842916,False,1.719406463275049
2021-06-29,-0.5078877976930081,False,1.719406463275049
2021-06-30,-0.6499329043009147,False,1.719406463275049
2021-07-01,-0.9929741235919236,False,1.719406463275049
2021-07-02,-1.25286205965617,False,1.719406463275049
2021-07-03,-0.7066482174483778,False,1.719406463275049
2021-07-04,-0.8072240632076151,False,1.719406463275049
2021-07-05,0.5804426194568719,False,1.719406463275049
2021-07-06,0.6041818754264143,False,1.719406463275049
2021-07-07,-0.9122092673200276,False,1.719406463275049
2021-07-08,-0.8875276128779743,False,1.719406463275049
2021-07-09,-1.3295765893918792,False,1.719406463275049
2021-07-10,-0.4751904793734662,False,1.719406463275049
2021-07-11,-0.8670358382602086,False,1.719406463275049
2021-07-12,-0.7235394206712772,False,1.719406463275049
2021-07-13,-0.5989627157952121,False,1.719406463275049
2021-07-14,-0.0738105019253756,False,1.719406463275049
2021-07-15,0.4123767991477992,False,1.719406463275049
2021-07-16,-0.5275724064362943,False,1.719406463275049
2021-07-17,-0.895217487109281,False,1.719406463275049
2021-07-18,-0.4363117876918928,False,1.719406463275049
2021-07-19,1.028528803394378,False,1.719406463275049
2021-07-20,0.964159835774857,False,1.719406463275049
2021-07-21,-0.9945028249475916,False,1.719406463275049
2021-07-22,-0.5459459260677301,False,1.719406463275049
2021-07-23,0.0702274361624554,False,1.719406463275049
2021-07-24,-0.0068631780471787,False,1.719406463275049
2021-07-25,0.8225496575357412,False,1.719406463275049
2021-07-26,0.7704751882318011,False,1.719406463275049
2021-07-27,-0.0183000243047439,False,1.719406463275049
2021-07-28,-0.4847117664031027,False,1.719406463275049
2021-07-29,-0.2330411490162298,False,1.719406463275049
2021-07-30,-0.8871654796182378,False,1.719406463275049
2021-07-31,-0.4814430749459645,False,1.719406463275049
2021-08-01,-0.8472016543609073,False,1.719406463275049
2021-08-02,-0.7755078868855427,False,1.719406463275049
2021-08-03,0.1500670939773958,False,1.719406463275049
2021-08-04,0.5051822610516283,False,1.719406463275049
2021-08-05,0.533873950095438,False,1.719406463275049
2021-08-06,1.2028027621891548,False,1.719406463275049
2021-08-07,0.3714653489020519,False,1.719406463275049
2021-08-08,0.3389199215281204,False,1.719406463275049
2021-08-09,0.2811756690370218,False,1.719406463275049
2021-08-10,-0.0971248018984624,False,1.719406463275049
2021-08-11,0.1277622486348502,False,1.719406463275049
2021-08-12,-0.0629075731894352,False,1.719406463275049
2021-08-13,-0.0066601000413379,False,1.719406463275049
2021-08-14,-0.5897497579264821,False,1.719406463275049
2021-08-15,-0.8819711996431873,False,1.719406463275049
2021-08-16,-0.676935934178843,False,1.719406463275049
2021-08-17,-0.2667816668462538,False,1.719406463275049
2021-08-18,-0.4993835252194235,False,1.719406463275049
2021-08-19,-0.4095890763830523,False,1.719406463275049
2021-08-20,0.2177986799767549,False,1.719406463275049
2021-08-21,-0.1583220993225915,False,1.719406463275049
2021-08-22,0.1498119286080489,False,1.719406463275049
2021-08-23,-0.3789590621113706,False,1.719406463275049
2021-08-24,0.8788825137776364,False,1.719406463275049
2021-08-25,1.1096816294272875,False,1.719406463275049
2021-08-26,0.4912849066378656,False,1.719406463275049
2021-08-27,-0.5719309683120395,False,1.719406463275049
2021-08-28,-0.4059292431024199,False,1.719406463275049
2021-08-29,-0.1742081827187023,False,1.719406463275049
2021-08-30,-0.2598975611908081,False,1.719406463275049
2021-08-31,-0.6210283134846077,False,1.719406463275049
2021-09-01,-0.7818622536704979,False,1.719406463275049
2021-09-02,-0.7498681743378434,False,1.719406463275049
2021-09-03,-0.9046039109071436,False,1.719406463275049
2021-09-04,-0.4591343626549179,False,1.719406463275049
2021-09-05,-0.3986454830598075,False,1.719406463275049
2021-09-06,-0.8532344996733501,False,1.719406463275049
2021-09-07,0.6747402732540154,False,1.719406463275049
2021-09-08,0.0238353448731068,False,1.719406463275049
2021-09-09,-0.6041607161893917,False,1.719406463275049
2021-09-10,-0.2979448774289759,False,1.719406463275049
2021-09-11,0.1920088256826854,False,1.719406463275049
2021-09-12,-0.2772126823395469,False,1.719406463275049
2021-09-13,-0.2851748516257127,False,1.719406463275049
2021-09-14,,False,1.719406463275049
2021-09-15,-0.3787377999446654,False,1.719406463275049
2021-09-16,-0.4389253751603574,False,1.719406463275049
2021-09-17,-0.0066195730267926,False,1.719406463275049
2021-09-18,-0.4455819721122454,False,1.719406463275049
2021-09-19,-1.0439227439678176,False,1.719406463275049
2021-09-20,-0.2769863163625731,False,1.719406463275049
2021-09-21,-0.0522193824412934,False,1.719406463275049
2021-09-22,-1.3519814099343932,False,1.719406463275049
2021-09-23,-0.5750130890154336,False,1.719406463275049
2021-09-24,-0.3331091822096205,False,1.719406463275049
2021-09-25,-0.0169539222244118,False,1.719406463275049
2021-09-26,-0.4253494946086692,False,1.719406463275049
2021-09-27,0.2977629173818252,False,1.719406463275049
2021-09-28,-0.8674320686933771,False,1.719406463275049
2021-09-29,-0.6121681988184788,False,1.719406463275049
2021-09-30,-1.1472208745874628,False,1.719406463275049
2021-10-01,1.3134427054843758,False,1.719406463275049
2021-10-02,1.1347046558054092,False,1.719406463275049
2021-10-03,0.0489795927196854,False,1.719406463275049
2021-10-04,-1.1989063336893575,False,1.719406463275049
2021-10-05,-0.9473389690476632,False,1.719406463275049
2021-10-06,-0.7581728481632227,False,1.719406463275049
2021-10-07,-0.6069459913343093,False,1.719406463275049
2021-10-08,-0.5617028237860471,False,1.719406463275049
2021-10-09,-0.7669655459598751,False,1.719406463275049
2021-10-10,-0.7073843199528294,False,1.719406463275049
2021-10-11,-0.7476931831486289,False,1.719406463275049
2021-10-12,-0.4440137166641118,False,1.719406463275049
2021-10-13,0.0604725737300354,False,1.719406463275049
2021-10-14,0.8786890230450107,False,1.719406463275049
2021-10-15,0.1273124278781781,False,1.719406463275049
2021-10-16,-0.7246138195400278,False,1.719406463275049
2021-10-17,-0.7905501166388821,False,1.719406463275049
2021-10-18,-0.4040040438751427,False,1.719406463275049
2021-10-19,0.451431953425871,False,1.719406463275049
2021-10-20,1.146698197907443,False,1.719406463275049
2021-10-21,0.5281313935333929,False,1.719406463275049
2021-10-22,-0.8771436189828767,False,1.719406463275049
2021-10-23,-0.4053722048495922,False,1.719406463275049
2021-10-24,1.6883626193937575,False,1.719406463275049
2021-10-25,-0.5106380523353635,False,1.719406463275049
2021-10-26,-1.1374684088902205,False,1.719406463275049
2021-10-27,-0.5651721747293735,False,1.719406463275049
2021-10-28,-0.3747401959067049,False,1.719406463275049
2021-10-29,-0.41118137705666,False,1.719406463275049
2021-10-30,-0.7689052871612819,False,1.719406463275049
2021-10-31,-0.7691503020960322,False,1.719406463275049
2021-11-01,-0.436274778309523,False,1.719406463275049
2021-11-02,-0.1666785793183846,False,1.719406463275049
2021-11-03,-0.0855656232518325,False,1.719406463275049
2021-11-04,1.654866413243079,False,1.719406463275049
2021-11-05,1.9680546677201969,True,1.719406463275049
2021-11-06,2.1416717343735807,True,1.719406463275049
2021-11-07,1.8432450847509216,True,1.719406463275049
2021-11-08,3.2426025639824654,True,1.719406463275049
2021-11-09,0.7495414525333663,False,1.719406463275049
2021-11-10,0.1790807846158668,False,1.719406463275049
2021-11-11,-0.0740849024416462,False,1.719406463275049
2021-11-12,0.2106461801040183,False,1.719406463275049
2021-11-13,-0.5718730053194176,False,1.719406463275049
2021-11-14,-0.508282159692256,False,1.719406463275049
2021-11-15,-0.3480963918248079,False,1.719406463275049
2021-11-16,-0.2326382423646527,False,1.719406463275049
2021-11-17,0.0067909598992018,False,1.719406463275049
2021-11-18,-0.0695159049895886,False,1.719406463275049
2021-11-19,-0.3065212041984,False,1.719406463275049
2021-11-20,0.4006101879293212,False,1.719406463275049
2021-11-21,0.3606793739864357,False,1.719406463275049
2021-11-22,-0.2928156299242136,False,1.719406463275049
2021-11-23,-0.0145962664855702,False,1.719406463275049
2021-11-24,1.3688131301153317,False,1.719406463275049
2021-11-25,0.2852841613548035,False,1.719406463275049
2021-11-26,-0.4063994774370613,False,1.719406463275049
2021-11-27,-0.1326191459060961,False,1.719406463275049
2021-11-28,0.0629841684622589,False,1.719406463275049
2021-11-29,1.4953468810894706,False,1.719406463275049
2021-11-30,0.5569659135605951,False,1.719406463275049
2021-12-01,0.304124101782016,False,1.719406463275049
2021-12-02,0.1223183308683842,False,1.719406463275049
2021-12-03,-0.0128367849751523,False,1.719406463275049
2021-12-04,0.0709212625798951,False,1.719406463275049
2021-12-05,-0.0516307030487715,False,1.719406463275049
2021-12-06,-0.1467816442414109,False,1.719406463275049
2021-12-07,-0.1676017365395752,False,1.719406463275049
2021-12-08,0.2672551627596243,False,1.719406463275049
2021-12-09,0.1976051636580118,False,1.719406463275049
2021-12-10,1.840129099900195,True,1.719406463275049
2021-12-11,0.1161548469923495,False,1.719406463275049
2021-12-12,0.1421119130624149,False,1.719406463275049
2021-12-13,0.4879427889139741,False,1.719406463275049
2021-12-14,-0.0368049234585249,False,1.719406463275049
2021-12-15,-0.1720550193086382,False,1.719406463275049
2021-12-16,2.141677110109116,True,1.719406463275049
2021-12-17,-0.2928963299305437,False,1.719406463275049
2021-12-18,-0.348469025735095,False,1.719406463275049
2021-12-19,-0.0653346101441446,False,1.719406463275049
2021-12-20,1.2072760887125562,False,1.719406463275049
2021-12-21,0.1697587522855381,False,1.719406463275049
2021-12-22,-0.1563619672640128,False,1.719406463275049
2021-12-23,-0.0328995888382121,False,1.719406463275049
2021-12-24,0.2406537775857267,False,1.719406463275049
2021-12-25,-0.2934732201646283,False,1.719406463275049
2021-12-26,-0.3822317009825805,False,1.719406463275049
2021-12-27,-0.5999342801223985,False,1.719406463275049
2021-12-28,-0.1122619531518541,False,1.719406463275049
2021-12-29,0.0307770262867869,False,1.719406463275049
2021-12-30,-0.2341165628596029,False,1.719406463275049
2021-12-31,0.0325173690881026,False,1.719406463275049
2022-01-01,-0.4196695876896574,False,1.719406463275049
2022-01-02,-0.3124549518645563,False,1.719406463275049
2022-01-03,0.032485042759162,False,1.719406463275049
2022-01-04,0.9238903032316954,False,1.719406463275049
2022-01-05,0.3010244174522408,False,1.719406463275049
2022-01-06,0.2107551194001795,False,1.719406463275049
2022-01-07,-0.1117778697056201,False,1.719406463275049
2022-01-08,0.0761522264201356,False,1.719406463275049
2022-01-09,0.0190566214745608,False,1.719406463275049
2022-01-10,-0.0111751879522176,False,1.719406463275049
2022-01-11,0.0556645222983924,False,1.719406463275049
2022-01-12,0.4173939352915561,False,1.719406463275049
2022-01-13,0.1214494591485322,False,1.719406463275049
2022-01-14,-0.2111488100813128,False,1.719406463275049
2022-01-15,-0.0269767583481016,False,1.719406463275049
2022-01-16,0.0438088517037917,False,1.719406463275049
2022-01-17,0.0163174252031268,False,1.719406463275049
2022-01-18,0.2953756078222728,False,1.719406463275049
2022-01-19,0.4040063397075429,False,1.719406463275049
2022-01-20,-0.1134245683036135,False,1.719406463275049
2022-01-21,0.4112858003161863,False,1.719406463275049
2022-01-22,1.0595496561794455,False,1.719406463275049
2022-01-23,0.0917494954244872,False,1.719406463275049
2022-01-24,0.7393535679422548,False,1.719406463275049
2022-01-25,0.2478001593850975,False,1.719406463275049
2022-01-26,0.1352260790671093,False,1.719406463275049
2022-01-27,0.8093583382494844,False,1.719406463275049
2022-01-28,0.1019119433264741,False,1.719406463275049
2022-01-29,0.2513589230605927,False,1.719406463275049
2022-01-30,0.970551164915102,False,1.719406463275049
2022-01-31,1.62716373009571,False,1.719406463275049
2022-02-01,1.2848086941530643,False,1.719406463275049
2022-02-02,1.0196980376403368,False,1.719406463275049
2022-02-03,-0.3637660575415752,False,1.719406463275049
2022-02-04,-0.283373894445357,False,1.719406463275049
2022-02-05,0.0245671560842191,False,1.719406463275049
2022-02-06,1.2974863224977051,False,1.719406463275049
2022-02-07,2.4299171540440283,True,1.719406463275049
2022-02-08,0.4402778721472488,False,1.719406463275049
2022-02-09,1.0628287133649867,False,1.719406463275049
2022-02-10,0.2386220859849539,False,1.719406463275049
2022-02-11,0.2561750721296918,False,1.719406463275049
2022-02-12,-0.2203986228344189,False,1.719406463275049
2022-02-13,-0.1613642045020504,False,1.719406463275049
2022-02-14,-0.0917709492194918,False,1.719406463275049
2022-02-15,0.7639425694726212,False,1.719406463275049
2022-02-16,1.7109737972539525,False,1.719406463275049
2022-02-17,0.1126986749887185,False,1.719406463275049
2022-02-18,-0.1756583404044547,False,1.719406463275049
2022-02-19,-0.0550715340039954,False,1.719406463275049
2022-02-20,0.5982382111073142,False,1.719406463275049
2022-02-21,0.2979987837509406,False,1.719406463275049
2022-02-22,-0.0047501693501199,False,1.719406463275049
2022-02-23,-0.3515204697263919,False,1.719406463275049
2022-02-24,-0.1574454977453582,False,1.719406463275049
2022-02-25,-0.1210466515576881,False,1.719406463275049
2022-02-26,0.4947563099913039,False,1.719406463275049
2022-02-27,0.2403215280276147,False,1.719406463275049
2022-02-28,-0.0072273081592176,False,1.719406463275049
2022-03-01,0.6305419198550413,False,1.719406463275049
2022-03-02,0.2281707135767483,False,1.719406463275049
2022-03-03,-0.1906612094676164,False,1.719406463275049
2022-03-04,0.4536348522689336,False,1.719406463275049
2022-03-05,0.681070113891219,False,1.719406463275049
2022-03-06,0.0452383538019878,False,1.719406463275049
2022-03-07,-0.2842552956245177,False,1.719406463275049
2022-03-08,0.0599473568421643,False,1.719406463275049
2022-03-09,0.8984425156666931,False,1.719406463275049
2022-03-10,0.1069201386977301,False,1.719406463275049
2022-03-11,0.0219828516111075,False,1.719406463275049
2022-03-12,-0.1685719143445358,False,1.719406463275049
2022-03-13,-0.0255816224869819,False,1.719406463275049
2022-03-14,1.34789126504231,False,1.719406463275049
2022-03-15,0.197835094965859,False,1.719406463275049
2022-03-16,0.4643823337469601,False,1.719406463275049
2022-03-17,1.9209766120644705,True,1.719406463275049
2022-03-18,0.4266094710058216,False,1.719406463275049
2022-03-19,-0.3053179251192246,False,1.719406463275049
2022-03-20,-0.3058105470521994,False,1.719406463275049
2022-03-21,-0.1185568802462005,False,1.719406463275049
2022-03-22,-0.0508598178760799,False,1.719406463275049
2022-03-23,-0.32057913205427,False,1.719406463275049
2022-03-24,-0.4058118811175323,False,1.719406463275049
2022-03-25,-0.4188209453629014,False,1.719406463275049
2022-03-26,-0.5638328741919175,False,1.719406463275049
2022-03-27,-0.8218044774872759,False,1.719406463275049
2022-03-28,-0.5694490117636646,False,1.719406463275049
2022-03-29,-0.1232017481876794,False,1.719406463275049
2022-03-30,-0.1812874226352456,False,1.719406463275049
2022-03-31,-0.1170468686350727,False,1.719406463275049
2022-04-01,-0.4959986173945887,False,1.719406463275049
2022-04-02,0.1677603113472958,False,1.719406463275049
2022-04-03,-0.103823627593308,False,1.719406463275049
2022-04-04,0.2138741812022598,False,1.719406463275049
2022-04-05,0.2727337662487228,False,1.719406463275049
2022-04-06,0.1429556150772421,False,1.719406463275049
2022-04-07,-0.1151748011298794,False,1.719406463275049
2022-04-08,-0.3562486007162721,False,1.719406463275049
2022-04-09,-0.4342500927366213,False,1.719406463275049
2022-04-10,-0.5748761525004307,False,1.719406463275049
2022-04-11,-0.2320320007566699,False,1.719406463275049
2022-04-12,0.4357057185238966,False,1.719406463275049
2022-04-13,0.3192880495049198,False,1.719406463275049
2022-04-14,-0.2701500077985521,False,1.719406463275049
2022-04-15,0.0404686607531704,False,1.719406463275049
2022-04-16,-0.5401103205796806,False,1.719406463275049
2022-04-17,-0.7090591161797504,False,1.719406463275049
2022-04-18,-0.5923235656194343,False,1.719406463275049
2022-04-19,-0.6465513846129872,False,1.719406463275049
2022-04-20,-0.3593109513136551,False,1.719406463275049
2022-04-21,-0.2326347201413156,False,1.719406463275049
2022-04-22,0.002218229427541,False,1.719406463275049
2022-04-23,-0.1278626614162407,False,1.719406463275049
2022-04-24,0.3432447641926675,False,1.719406463275049
2022-04-25,-0.02525007869363,False,1.719406463275049
2022-04-26,-0.7134872624993387,False,1.719406463275049
2022-04-27,-0.9143380201499228,False,1.719406463275049
2022-04-28,-0.2222565380489357,False,1.719406463275049
2022-04-29,0.0412364169262461,False,1.719406463275049
2022-04-30,0.0318043645173995,False,1.719406463275049
2022-05-01,-0.1190945318602147,False,1.719406463275049
2022-05-02,-0.2898842586069328,False,1.719406463275049
2022-05-03,-0.0474620612172681,False,1.719406463275049
2022-05-04,-0.76201460169639,False,1.719406463275049
2022-05-05,-0.2188522922986161,False,1.719406463275049
2022-05-06,0.0619266897097484,False,1.719406463275049
2022-05-07,0.0934011425950602,False,1.719406463275049
2022-05-08,0.288768669449375,False,1.719406463275049
2022-05-09,0.3502869536647154,False,1.719406463275049
2022-05-10,0.5678108216524438,False,1.719406463275049
2022-05-11,1.8525611302963187,True,1.719406463275049
2022-05-12,,False,1.719406463275049
2022-05-13,0.8466866483564468,False,1.719406463275049
2022-05-14,0.0118164914754174,False,1.719406463275049
2022-05-15,0.1730468689432493,False,1.719406463275049
2022-05-16,-0.2521343477476516,False,1.719406463275049
2022-05-17,-1.2078481074355767,False,1.719406463275049
2022-05-18,-0.4552393751587784,False,1.719406463275049
2022-05-19,0.0465857669719276,False,1.719406463275049
2022-05-20,0.1818723772080064,False,1.719406463275049
2022-05-21,0.0073031093366944,False,1.719406463275049
2022-05-22,-0.6828056698575348,False,1.719406463275049
2022-05-23,-0.4106223333494733,False,1.719406463275049
2022-05-24,-0.5304390330580121,False,1.719406463275049
2022-05-25,-0.3549414773186474,False,1.719406463275049
2022-05-26,-0.0103742157261102,False,1.719406463275049
2022-05-27,-0.3718317515496571,False,1.719406463275049
2022-05-28,-0.7850240276888959,False,1.719406463275049
2022-05-29,0.3577328142861204,False,1.719406463275049
2022-05-30,1.3681481870934618,False,1.719406463275049
2022-05-31,1.1287371262040231,False,1.719406463275049
2022-06-01,-0.0955405554597133,False,1.719406463275049
2022-06-02,-0.5908594496646611,False,1.719406463275049
2022-06-03,-0.0495875426762059,False,1.719406463275049
2022-06-04,-0.5483242476482895,False,1.719406463275049
2022-06-05,0.5064656860556351,False,1.719406463275049
2022-06-06,-0.2004636555273159,False,1.719406463275049
2022-06-07,-0.401073492798855,False,1.719406463275049
2022-06-08,-0.5800828897461994,False,1.719406463275049
2022-06-09,-0.5531815119255088,False,1.719406463275049
2022-06-10,-0.6273816441057605,False,1.719406463275049
2022-06-11,0.1457819744476586,False,1.719406463275049
2022-06-12,-0.2033883180443225,False,1.719406463275049
2022-06-13,-0.4185619687616716,False,1.719406463275049
2022-06-14,-0.2084980727320581,False,1.719406463275049
2022-06-15,-0.3709277542209551,False,1.719406463275049
2022-06-16,1.3046760313015464,False,1.719406463275049
2022-06-17,-0.3721487853975573,False,1.719406463275049
2022-06-18,-0.9253290249388536,False,1.719406463275049
2022-06-19,-0.6940635451527729,False,1.719406463275049
2022-06-20,1.3175598081321795,False,1.719406463275049
2022-06-21,2.5921063950787544,True,1.719406463275049
2022-06-22,1.2025306206935815,False,1.719406463275049
2022-06-23,-1.0079353515396208,False,1.719406463275049
2022-06-24,0.4567701870039604,False,1.719406463275049
2022-06-25,1.3792029611963723,False,1.719406463275049
2022-06-26,1.8542133644828305,True,1.719406463275049
2022-06-27,-0.8451165738867596,False,1.719406463275049
2022-06-28,-0.0209552673898391,False,1.719406463275049
2022-06-29,0.3002350628779532,False,1.719406463275049
2022-06-30,0.8062966032540441,False,1.719406463275049
2022-07-01,1.5995309210246875,False,1.719406463275049
2022-07-02,-0.4398467270105498,False,1.719406463275049
2022-07-03,-1.0318925952887157,False,1.719406463275049
2022-07-04,0.5451069174146245,False,1.719406463275049
2022-07-05,-0.111217238879456,False,1.719406463275049
2022-07-06,-0.992313956879628,False,1.719406463275049
2022-07-07,-0.4627206417544079,False,1.719406463275049
2022-07-08,-0.498118988669451,False,1.719406463275049
2022-07-09,-0.8745428276582998,False,1.719406463275049
2022-07-10,-0.4076799456807045,False,1.719406463275049
2022-07-11,1.2277566562733984,False,1.719406463275049
2022-07-12,-0.3941457673714572,False,1.719406463275049
2022-07-13,-0.6440827038002831,False,1.719406463275049
2022-07-14,-0.9343069812171284,False,1.719406463275049
2022-07-15,0.237318572171485,False,1.719406463275049
2022-07-16,0.6706315832650904,False,1.719406463275049
2022-07-17,0.5656988861643462,False,1.719406463275049
2022-07-18,-0.565526724511783,False,1.719406463275049
2022-07-19,0.2821820346248973,False,1.719406463275049
2022-07-20,0.9577997486777784,False,1.719406463275049
2022-07-21,0.0733872620515949,False,1.719406463275049
2022-07-22,0.639982091759031,False,1.719406463275049
2022-07-23,0.5604072321688124,False,1.719406463275049
2022-07-24,-0.0967134560902146,False,1.719406463275049
2022-07-25,-1.0631466920348631,False,1.719406463275049
2022-07-26,-0.4335949785375926,False,1.719406463275049
2022-07-27,0.5264574863137168,False,1.719406463275049
2022-07-28,0.1783893898712664,False,1.719406463275049
2022-07-29,-0.9853631835709298,False,1.719406463275049
2022-07-30,-1.3428718238687336,False,1.719406463275049
2022-07-31,0.106476320424632,False,1.719406463275049
2022-08-01,0.6922168406034869,False,1.719406463275049
2022-08-02,-1.0835038409524032,False,1.719406463275049
2022-08-03,0.0563120089585053,False,1.719406463275049
2022-08-04,-0.0212705509427752,False,1.719406463275049
2022-08-05,-0.5429712186141191,False,1.719406463275049
2022-08-06,0.3591455610238589,False,1.719406463275049
2022-08-07,0.3018016078815998,False,1.719406463275049
2022-08-08,-0.173230099306836,False,1.719406463275049
2022-08-09,-1.5545361268103417,False,1.719406463275049
2022-08-10,0.3723560721490458,False,1.719406463275049
2022-08-11,-1.0867153744840208,False,1.719406463275049
2022-08-12,-0.9685900195124864,False,1.719406463275049
2022-08-13,0.1701509402183224,False,1.719406463275049
2022-08-14,-0.0908720334176476,False,1.719406463275049
2022-08-15,-0.3883560293510754,False,1.719406463275049
2022-08-16,-0.4159848766590879,False,1.719406463275049
2022-08-17,-0.295538513649664,False,1.719406463275049
2022-08-18,-0.1405947228352339,False,1.719406463275049
2022-08-19,0.7040779905306107,False,1.719406463275049
2022-08-20,0.7584195803914302,False,1.719406463275049
2022-08-21,-0.2600020215925293,False,1.719406463275049
2022-08-22,-0.8072126239892261,False,1.719406463275049
2022-08-23,-0.7475086692521777,False,1.719406463275049
2022-08-24,-0.6286846793158061,False,1.719406463275049
2022-08-25,-0.8775847100919731,False,1.719406463275049
2022-08-26,-0.8067128534847486,False,1.719406463275049
2022-08-27,-1.0818087164944878,False,1.719406463275049
2022-08-28,-0.7042693580964788,False,1.719406463275049
2022-08-29,0.0074462241632444,False,1.719406463275049
2022-08-30,-0.0965987015321661,False,1.719406463275049
2022-08-31,-0.8283864263394419,False,1.719406463275049
2022-09-01,-0.6220956028194486,False,1.719406463275049
2022-09-02,0.35280310560187,False,1.719406463275049
2022-09-03,0.4638036400073969,False,1.719406463275049
2022-09-04,-1.3342672581859352,False,1.719406463275049
2022-09-05,-1.473076796435066,False,1.719406463275049
2022-09-06,-0.8734086262418342,False,1.719406463275049
2022-09-07,-0.7227178413102869,False,1.719406463275049
2022-09-08,-0.0691367292407898,False,1.719406463275049
2022-09-09,0.3670940621905351,False,1.719406463275049
2022-09-10,0.4934305782893709,False,1.719406463275049
2022-09-11,-0.3281965142976792,False,1.719406463275049
2022-09-12,-0.7820543388616795,False,1.719406463275049
2022-09-13,0.0492004724105424,False,1.719406463275049
2022-09-14,-0.3659118337517453,False,1.719406463275049
2022-09-15,-0.8500726164773208,False,1.719406463275049
2022-09-16,0.2682613595316123,False,1.719406463275049
2022-09-17,0.1611729795085745,False,1.719406463275049
2022-09-18,0.3838354292762377,False,1.719406463275049
2022-09-19,0.3921305176435649,False,1.719406463275049
2022-09-20,-0.5033357841444684,False,1.719406463275049
2022-09-21,0.2569448169033916,False,1.719406463275049
2022-09-22,-1.2829359151169613,False,1.719406463275049
2022-09-23,-1.0783945643363118,False,1.719406463275049
2022-09-24,-0.207797262426906,False,1.719406463275049
2022-09-25,-0.5216179637961187,False,1.719406463275049
2022-09-26,-0.664664747649945,False,1.719406463275049
2022-09-27,-0.4832880781465345,False,1.719406463275049
2022-09-28,-0.897006920697332,False,1.719406463275049
2022-09-29,-0.6469147410248152,False,1.719406463275049
2022-09-30,0.6106972882410245,False,1.719406463275049
2022-10-01,-0.4712533391885908,False,1.719406463275049
2022-10-02,-0.8438606151808328,False,1.719406463275049
2022-10-03,-0.1059408394817057,False,1.719406463275049
2022-10-04,0.8558357858119865,False,1.719406463275049
2022-10-05,2.5821371331084237,True,1.719406463275049
2022-10-06,2.391687346241755,True,1.719406463275049
2022-10-07,-0.924462277852466,False,1.719406463275049
2022-10-08,-0.6260623468366528,False,1.719406463275049
2022-10-09,-0.1680384592657714,False,1.719406463275049
2022-10-10,-0.1512313628237346,False,1.719406463275049
2022-10-11,1.5562495367180589,False,1.719406463275049
2022-10-12,0.6971138689282602,False,1.719406463275049
2022-10-13,0.043311252946377,False,1.719406463275049
2022-10-14,0.3525904854559127,False,1.719406463275049
2022-10-15,-0.2202797357809043,False,1.719406463275049
2022-10-16,0.2960675327767368,False,1.719406463275049
2022-10-17,-0.5901500901058658,False,1.719406463275049
2022-10-18,-0.7322850387791513,False,1.719406463275049
2022-10-19,-0.7937020705442506,False,1.719406463275049
2022-10-20,-0.0221260379967599,False,1.719406463275049
2022-10-21,2.19960226666754,True,1.719406463275049
2022-10-22,2.6260670734807285,True,1.719406463275049
2022-10-23,1.1180188618824003,False,1.719406463275049
2022-10-24,0.7512161152866417,False,1.719406463275049
2022-10-25,-0.0593967169195824,False,1.719406463275049
2022-10-26,-0.28276977284879,False,1.719406463275049
2022-10-27,-0.7078168072401677,False,1.719406463275049
2022-10-28,-0.3797829823495557,False,1.719406463275049
2022-10-29,1.1181848491154245,False,1.719406463275049
2022-10-30,1.0177177236662711,False,1.719406463275049
2022-10-31,0.989706435510706,False,1.719406463275049
2022-11-01,0.6691011814397145,False,1.719406463275049
2022-11-02,1.407574926399613,False,1.719406463275049
2022-11-03,0.8107896181936245,False,1.719406463275049
2022-11-04,0.8860416141349419,False,1.719406463275049
2022-11-05,0.2211053588259089,False,1.719406463275049
2022-11-06,0.0782554067425408,False,1.719406463275049
2022-11-07,-0.1301168527393481,False,1.719406463275049
2022-11-08,-0.3480286432321442,False,1.719406463275049
2022-11-09,0.3266933169927151,False,1.719406463275049
2022-11-10,2.197756668039617,True,1.719406463275049
2022-11-11,0.2308255448915246,False,1.719406463275049
2022-11-12,-0.7882943944832225,False,1.719406463275049
2022-11-13,-0.5870412829101086,False,1.719406463275049
2022-11-14,-0.0425674635730878,False,1.719406463275049
2022-11-15,-0.2387173800203299,False,1.719406463275049
2022-11-16,-0.1310540376556355,False,1.719406463275049
2022-11-17,0.0360359852065032,False,1.719406463275049
2022-11-18,0.2132585513765994,False,1.719406463275049
2022-11-19,-0.1483286389791585,False,1.719406463275049
2022-11-20,-0.2754552598395724,False,1.719406463275049
2022-11-21,0.4351404019223783,False,1.719406463275049
2022-11-22,0.664549824310526,False,1.719406463275049
2022-11-23,1.894672078257108,True,1.719406463275049
2022-11-24,1.177342970116746,False,1.719406463275049
2022-11-25,0.0128985955037075,False,1.719406463275049
2022-11-26,0.236036917339298,False,1.719406463275049
2022-11-27,-0.0324657488467688,False,1.719406463275049
2022-11-28,-0.4749112468579831,False,1.719406463275049
2022-11-29,-0.2824356454476265,False,1.719406463275049
2022-11-30,-0.4495962741687341,False,1.719406463275049
2022-12-01,-0.2774761943000657,False,1.719406463275049
2022-12-02,0.1879760465027521,False,1.719406463275049
2022-12-03,-0.3374645429840546,False,1.719406463275049
2022-12-04,-0.1911485443695785,False,1.719406463275049
2022-12-05,0.4923437764021558,False,1.719406463275049
2022-12-06,0.0017366345515076,False,1.719406463275049
2022-12-07,-0.1412380099109561,False,1.719406463275049
2022-12-08,-0.3944418888192786,False,1.719406463275049
2022-12-09,-0.4873065169493001,False,1.719406463275049
2022-12-10,-0.2651311375062268,False,1.719406463275049
2022-12-11,-0.4346748598771198,False,1.719406463275049
2022-12-12,-0.2140818565963633,False,1.719406463275049
2022-12-13,0.270794095470553,False,1.719406463275049
2022-12-14,0.0241650253307618,False,1.719406463275049
2022-12-15,-0.3484993970009329,False,1.719406463275049
2022-12-16,-0.1401413887212724,False,1.719406463275049
2022-12-17,-0.2217023718393527,False,1.719406463275049
2022-12-18,-0.2927712832104623,False,1.719406463275049
2022-12-19,-0.1622724730445549,False,1.719406463275049
2022-12-20,-0.0080192868497998,False,1.719406463275049
2022-12-21,0.33369782509188,False,1.719406463275049
2022-12-22,0.1006155147106433,False,1.719406463275049
2022-12-23,-0.3961057109082854,False,1.719406463275049
2022-12-24,-0.2065039331460482,False,1.719406463275049
2022-12-25,-0.0737118663322456,False,1.719406463275049
2022-12-26,0.2457609085269584,False,1.719406463275049
2022-12-27,0.3531831266208474,False,1.719406463275049
2022-12-28,0.4857146470552316,False,1.719406463275049
2022-12-29,0.6081437737387061,False,1.719406463275049
2022-12-30,0.5282744085523273,False,1.719406463275049
2022-12-31,-0.2159273340779736,False,1.719406463275049
2023-01-01,-0.1589307198197526,False,1.719406463275049
2023-01-02,0.004601945525709,False,1.719406463275049
2023-01-03,-0.1091981870211682,False,1.719406463275049
2023-01-04,-0.4122639614358755,False,1.719406463275049
2023-01-05,-0.1892232364048608,False,1.719406463275049
2023-01-06,-0.2009303801686448,False,1.719406463275049
2023-01-07,-0.4165290988809073,False,1.719406463275049
2023-01-08,-0.1497374110240449,False,1.719406463275049
2023-01-09,0.1540530597125868,False,1.719406463275049
2023-01-10,-0.2472750325862063,False,1.719406463275049
2023-01-11,-0.2754190063276336,False,1.719406463275049
2023-01-12,-0.1635208340638252,False,1.719406463275049
2023-01-13,-0.3764106444965656,False,1.719406463275049
2023-01-14,-0.1021565613437255,False,1.719406463275049
2023-01-15,0.4599609821779732,False,1.719406463275049
2023-01-16,0.2122860704167836,False,1.719406463275049
2023-01-17,-0.0436118199554661,False,1.719406463275049
2023-01-18,-0.5543679439010023,False,1.719406463275049
2023-01-19,-0.3862804557211562,False,1.719406463275049
2023-01-20,-0.2913994033456325,False,1.719406463275049
2023-01-21,-0.1591443583523532,False,1.719406463275049
2023-01-22,-0.158074830273502,False,1.719406463275049
2023-01-23,-0.1961993884800355,False,1.719406463275049
2023-01-24,0.1200225151984915,False,1.719406463275049
2023-01-25,0.0074004813222849,False,1.719406463275049
2023-01-26,-0.1170110516151854,False,1.719406463275049
2023-01-27,0.2067643973139391,False,1.719406463275049
2023-01-28,0.2455104374397724,False,1.719406463275049
2023-01-29,0.0902987667654782,False,1.719406463275049
2023-01-30,0.1617575770668363,False,1.719406463275049
2023-01-31,0.346626224417738,False,1.719406463275049
2023-02-01,0.8497897340098124,False,1.719406463275049
2023-02-02,0.8784687437057608,False,1.719406463275049
2023-02-03,0.0153240878233354,False,1.719406463275049
2023-02-04,0.5192688597474306,False,1.719406463275049
2023-02-05,0.447522311134702,False,1.719406463275049
2023-02-06,0.3938988588465603,False,1.719406463275049
2023-02-07,0.4259850388346351,False,1.719406463275049
2023-02-08,0.7409199332641387,False,1.719406463275049
2023-02-09,0.4004086393297306,False,1.719406463275049
2023-02-10,-0.4259378853476547,False,1.719406463275049
2023-02-11,0.0523615113012695,False,1.719406463275049
2023-02-12,1.1861877486963786,False,1.719406463275049
2023-02-13,0.9039929911792222,False,1.719406463275049
2023-02-14,1.6972493901791512,False,1.719406463275049
2023-02-15,0.355728568528987,False,1.719406463275049
2023-02-16,-0.4783652555234489,False,1.719406463275049
2023-02-17,-0.3076961416606558,False,1.719406463275049
2023-02-18,0.2112754226702141,False,1.719406463275049
2023-02-19,0.8353876422967659,False,1.719406463275049
2023-02-20,0.1012563173045646,False,1.719406463275049
2023-02-21,-0.0515450300436761,False,1.719406463275049
2023-02-22,-0.2785822167376866,False,1.719406463275049
2023-02-23,0.0811174660150857,False,1.719406463275049
2023-02-24,0.0546892707536906,False,1.719406463275049
2023-02-25,0.382714103603376,False,1.719406463275049
2023-02-26,0.5994246879171828,False,1.719406463275049
2023-02-27,0.1436252938253963,False,1.719406463275049
2023-02-28,0.1854878250437058,False,1.719406463275049
2023-03-01,0.499671026054193,False,1.719406463275049
2023-03-02,0.2795877529855702,False,1.719406463275049
2023-03-03,-0.1662943814039905,False,1.719406463275049
2023-03-04,-0.0635151952484501,False,1.719406463275049
2023-03-05,0.7115616859384126,False,1.719406463275049
2023-03-06,0.5552869081929966,False,1.719406463275049
2023-03-07,0.0629542236450443,False,1.719406463275049
2023-03-08,-0.0233799860945773,False,1.719406463275049
2023-03-09,-0.0300520829124131,False,1.719406463275049
2023-03-10,-0.349516879433158,False,1.719406463275049
2023-03-11,-0.3807845416139177,False,1.719406463275049
2023-03-12,-0.1654815083224263,False,1.719406463275049
2023-03-13,-0.0642929110724993,False,1.719406463275049
2023-03-14,-0.3295918143599356,False,1.719406463275049
2023-03-15,0.1192885190346271,False,1.719406463275049
2023-03-16,1.9685459613624816,True,1.719406463275049
2023-03-17,0.0622583779096191,False,1.719406463275049
2023-03-18,-0.1618006493614235,False,1.719406463275049
2023-03-19,-0.1622579077614071,False,1.719406463275049
2023-03-20,0.7037968159173826,False,1.719406463275049
2023-03-21,0.9254701054941836,False,1.719406463275049
2023-03-22,0.4932220945153571,False,1.719406463275049
2023-03-23,0.5316292123147984,False,1.719406463275049
2023-03-24,0.1192741799767466,False,1.719406463275049
2023-03-25,-0.4655006227635078,False,1.719406463275049
2023-03-26,-0.0903462924855074,False,1.719406463275049
2023-03-27,0.2619448035642395,False,1.719406463275049
2023-03-28,0.617653027509697,False,1.719406463275049
2023-03-29,0.7338943192705603,False,1.719406463275049
2023-03-30,0.2004474179702965,False,1.719406463275049
2023-03-31,0.1305243116118817,False,1.719406463275049
2023-04-01,-0.2501551001470908,False,1.719406463275049
2023-04-02,-0.1606738972324872,False,1.719406463275049
2023-04-03,0.3318765598433117,False,1.719406463275049
2023-04-04,0.0101733151386106,False,1.719406463275049
2023-04-05,-0.2609050475924875,False,1.719406463275049
2023-04-06,-0.0471590896799183,False,1.719406463275049
2023-04-07,-0.247711188408691,False,1.719406463275049
2023-04-08,0.035424004323921,False,1.719406463275049
2023-04-09,0.5794294965261976,False,1.719406463275049
2023-04-10,2.745747189614564,True,1.719406463275049
2023-04-11,1.5217415981577238,False,1.719406463275049
2023-04-12,1.1317365882761472,False,1.719406463275049
2023-04-13,1.6360146224357135,False,1.719406463275049
2023-04-14,2.496818397140537,True,1.719406463275049
2023-04-15,1.9653208934539643,True,1.719406463275049
2023-04-16,2.4653780652160906,True,1.719406463275049
2023-04-17,-0.7457898737882542,False,1.719406463275049
2023-04-18,-0.7152946944447693,False,1.719406463275049
2023-04-19,-0.432146214744292,False,1.719406463275049
2023-04-20,-0.2864504595477291,False,1.719406463275049
2023-04-21,-0.097539890350314,False,1.719406463275049
2023-04-22,-0.7483285733620543,False,1.719406463275049
2023-04-23,-0.4056078204612062,False,1.719406463275049
2023-04-24,-0.6566726889364686,False,1.719406463275049
2023-04-25,-0.0600202257595042,False,1.719406463275049
2023-04-26,-0.597951123156615,False,1.719406463275049
2023-04-27,-0.2655160474617424,False,1.719406463275049
2023-04-28,0.1687172444275931,False,1.719406463275049
2023-04-29,-0.4109514884648875,False,1.719406463275049
2023-04-30,-0.7156030588558171,False,1.719406463275049
2023-05-01,-0.5852895831241685,False,1.719406463275049
2023-05-02,-1.0119985038906831,False,1.719406463275049
2023-05-03,-1.051875613881376,False,1.719406463275049
2023-05-04,-0.9226543531042533,False,1.719406463275049
2023-05-05,-0.4956708871489924,False,1.719406463275049
2023-05-06,0.1203256110255389,False,1.719406463275049
2023-05-07,-0.3486314582757365,False,1.719406463275049
2023-05-08,-0.4217110618638591,False,1.719406463275049
2023-05-09,-0.4127640285002414,False,1.719406463275049
2023-05-10,0.4802337920977976,False,1.719406463275049
2023-05-11,1.2361703358090197,False,1.719406463275049
2023-05-12,0.9530593435124998,False,1.719406463275049
2023-05-13,-0.2332398789370506,False,1.719406463275049
2023-05-14,-0.4473121916324118,False,1.719406463275049
2023-05-15,-0.0835339540884046,False,1.719406463275049
2023-05-16,0.1633230732427627,False,1.719406463275049
2023-05-17,-0.6601157290567442,False,1.719406463275049
2023-05-18,-0.273768075844767,False,1.719406463275049
2023-05-19,0.6666240688700215,False,1.719406463275049
2023-05-20,-0.1693998784521769,False,1.719406463275049
2023-05-21,-0.5329916765383209,False,1.719406463275049
2023-05-22,-0.3480311420943814,False,1.719406463275049
2023-05-23,0.0196852713030115,False,1.719406463275049
2023-05-24,-0.3098171682382004,False,1.719406463275049
2023-05-25,-0.7677379529322907,False,1.719406463275049
2023-05-26,-0.2051973696931056,False,1.719406463275049
2023-05-27,0.4927720402009687,False,1.719406463275049
2023-05-28,0.2089168900398567,False,1.719406463275049
2023-05-29,0.3794675440686068,False,1.719406463275049
2023-05-30,0.8656804349514171,False,1.719406463275049
2023-05-31,2.354018269072041,True,1.719406463275049
2023-06-01,1.2335716779565145,False,1.719406463275049
2023-06-02,0.7393183416412914,False,1.719406463275049
2023-06-03,0.0346816343137131,False,1.719406463275049
2023-06-04,0.116661462073097,False,1.719406463275049
2023-06-05,1.0337182483023823,False,1.719406463275049
2023-06-06,1.5449519198414552,False,1.719406463275049
2023-06-07,0.8756908517295896,False,1.719406463275049
2023-06-08,0.0157198442179486,False,1.719406463275049
2023-06-09,-0.0559956399436467,False,1.719406463275049
2023-06-10,0.4145301439802128,False,1.719406463275049
2023-06-11,0.1124674518020162,False,1.719406463275049
2023-06-12,-0.5713854005946133,False,1.719406463275049
2023-06-13,-0.4046489152580114,False,1.719406463275049
2023-06-14,-0.5025825656194002,False,1.719406463275049
2023-06-15,-0.4026120363574882,False,1.719406463275049
2023-06-16,-0.3894887482494799,False,1.719406463275049
2023-06-17,-0.0438162487764817,False,1.719406463275049
2023-06-18,0.7931553433611275,False,1.719406463275049
2023-06-19,-0.6749367778403623,False,1.719406463275049
2023-06-20,-0.5619265446225226,False,1.719406463275049
2023-06-21,-0.1000161393898974,False,1.719406463275049
2023-06-22,-0.2675163581263032,False,1.719406463275049
2023-06-23,-0.7650943984817151,False,1.719406463275049
2023-06-24,-0.9954584809916226,False,1.719406463275049
2023-06-25,-0.3976089152621039,False,1.719406463275049
2023-06-26,-0.5624201497969207,False,1.719406463275049
2023-06-27,-0.1014991436841902,False,1.719406463275049
2023-06-28,1.1189482280559468,False,1.719406463275049
2023-06-29,0.6885922561030144,False,1.719406463275049
2023-06-30,1.5734122568328297,False,1.719406463275049
2023-07-01,0.504403413963855,False,1.719406463275049
2023-07-02,-0.1965888541488281,False,1.719406463275049
2023-07-03,-0.3786220841740446,False,1.719406463275049
2023-07-04,-0.0596463492099982,False,1.719406463275049
2023-07-05,0.397996424644904,False,1.719406463275049
2023-07-06,0.1867061639293264,False,1.719406463275049
2023-07-07,-0.6317269743625885,False,1.719406463275049
2023-07-08,-0.5271461052865406,False,1.719406463275049
2023-07-09,-0.6345493783765714,False,1.719406463275049
2023-07-10,0.1109484195186473,False,1.719406463275049
2023-07-11,0.510105922687027,False,1.719406463275049
2023-07-12,-0.3424645361638859,False,1.719406463275049
2023-07-13,-0.5870104870503514,False,1.719406463275049
2023-07-14,-0.0987996252288936,False,1.719406463275049
2023-07-15,-0.5138895981678961,False,1.719406463275049
2023-07-16,-0.0696023434982982,False,1.719406463275049
2023-07-17,0.3360001256539839,False,1.719406463275049
2023-07-18,-0.7857187327048178,False,1.719406463275049
2023-07-19,-0.4141755058893043,False,1.719406463275049
2023-07-20,0.6923252541946947,False,1.719406463275049
2023-07-21,-0.630371661847299,False,1.719406463275049
2023-07-22,-0.7541750227691698,False,1.719406463275049
2023-07-23,-0.3127972653890206,False,1.719406463275049
2023-07-24,-0.0673684674715111,False,1.719406463275049
2023-07-25,0.2648371972755483,False,1.719406463275049
2023-07-26,0.929314505536327,False,1.719406463275049
2023-07-27,-0.1482312334537072,False,1.719406463275049
2023-07-28,0.512251726263841,False,1.719406463275049
2023-07-29,-1.0522619140668523,False,1.719406463275049
2023-07-30,-0.8047375229086409,False,1.719406463275049
2023-07-31,-0.8618671689858165,False,1.719406463275049
2023-08-01,-0.5650646104081667,False,1.719406463275049
2023-08-02,0.5682025180208023,False,1.719406463275049
2023-08-03,0.3834829713673455,False,1.719406463275049
2023-08-04,-0.3457006854878029,False,1.719406463275049
2023-08-05,,False,1.719406463275049
2023-08-06,,False,1.719406463275049
2023-08-07,,False,1.719406463275049
2023-08-08,,False,1.719406463275049
2023-08-09,-0.1229619110326356,False,1.719406463275049
2023-08-10,-0.0356869227879266,False,1.719406463275049
2023-08-11,-0.6826061657144334,False,1.719406463275049
2023-08-12,-0.5336521848122312,False,1.719406463275049
2023-08-13,-1.1368686190297588,False,1.719406463275049
2023-08-14,-0.6172771100582083,False,1.719406463275049
2023-08-15,-0.750366397918393,False,1.719406463275049
2023-08-16,0.4700848318467592,False,1.719406463275049
2023-08-17,0.1512764204749978,False,1.719406463275049
2023-08-18,-0.9059093723713968,False,1.719406463275049
2023-08-19,-0.4142390408512019,False,1.719406463275049
2023-08-20,0.1431492161606268,False,1.719406463275049
2023-08-21,-0.7318010532361915,False,1.719406463275049
2023-08-22,-0.4847207045517016,False,1.719406463275049
2023-08-23,-0.1792491637527493,False,1.719406463275049
2023-08-24,-0.6471001310786011,False,1.719406463275049
2023-08-25,-0.7890486638791654,False,1.719406463275049
2023-08-26,-0.8043192198779561,False,1.719406463275049
2023-08-27,-0.8957136684314458,False,1.719406463275049
2023-08-28,-0.3923959536548874,False,1.719406463275049
2023-08-29,0.3375085345604206,False,1.719406463275049
2023-08-30,-0.9114550840198336,False,1.719406463275049
2023-08-31,-0.4242268967240671,False,1.719406463275049
2023-09-01,0.7023080079852029,False,1.719406463275049
2023-09-02,0.0459520484611699,False,1.719406463275049
2023-09-03,0.2870653109355959,False,1.719406463275049
2023-09-04,0.4073138999178363,False,1.719406463275049
2023-09-05,,False,1.719406463275049
2023-09-06,1.1615622247851016,False,1.719406463275049
2023-09-07,-0.164566869156048,False,1.719406463275049
2023-09-08,-1.389293961631935,False,1.719406463275049
2023-09-09,-1.009123662136147,False,1.719406463275049
2023-09-10,-1.003291595154415,False,1.719406463275049
2023-09-11,-0.4920047878059237,False,1.719406463275049
2023-09-12,-0.4493459409284562,False,1.719406463275049
2023-09-13,-0.7516673368273,False,1.719406463275049
2023-09-14,-0.569741494845092,False,1.719406463275049
2023-09-15,0.0290744313230498,False,1.719406463275049
2023-09-16,0.3937080359084074,False,1.719406463275049
2023-09-17,0.5759841057499023,False,1.719406463275049
2023-09-18,-0.4688891029606989,False,1.719406463275049
2023-09-19,-0.5996547149273744,False,1.719406463275049
2023-09-20,0.2748656859946633,False,1.719406463275049
2023-09-21,0.2169552566475265,False,1.719406463275049
2023-09-22,-0.3044061581171879,False,1.719406463275049
2023-09-23,-0.3860542798593124,False,1.719406463275049
2023-09-24,-0.3965323539304298,False,1.719406463275049
2023-09-25,-0.3690529361424384,False,1.719406463275049
2023-09-26,-0.5236510192403625,False,1.719406463275049
2023-09-27,-0.3460463079908277,False,1.719406463275049
2023-09-28,-0.2673184747706728,False,1.719406463275049
2023-09-29,-0.4204931201324332,False,1.719406463275049
2023-09-30,-0.032486480040802,False,1.719406463275049
2023-10-01,-0.0143247252416646,False,1.719406463275049
2023-10-02,1.110366887002162,False,1.719406463275049
2023-10-03,2.408154960363191,True,1.719406463275049
2023-10-04,1.2309038827684595,False,1.719406463275049
2023-10-05,0.8689820817371035,False,1.719406463275049
2023-10-06,-0.0265562561924161,False,1.719406463275049
2023-10-07,-0.8607123924142102,False,1.719406463275049
2023-10-08,-1.118579716226629,False,1.719406463275049
2023-10-09,-0.6929722661820243,False,1.719406463275049
2023-10-10,-0.4769138633805045,False,1.719406463275049
2023-10-11,-0.4171494179103534,False,1.719406463275049
2023-10-12,-0.6739235565278647,False,1.719406463275049
2023-10-13,-0.4266556916795289,False,1.719406463275049
2023-10-14,-0.9822367285047514,False,1.719406463275049
2023-10-15,-1.114488002543546,False,1.719406463275049
2023-10-16,-0.8733244570489611,False,1.719406463275049
2023-10-17,-0.1078397891254735,False,1.719406463275049
2023-10-18,0.5385198529193648,False,1.719406463275049
2023-10-19,-0.2449742427609513,False,1.719406463275049
2023-10-20,-0.1601127090435111,False,1.719406463275049
2023-10-21,-1.0159215980835832,False,1.719406463275049
2023-10-22,-0.6573653018446359,False,1.719406463275049
2023-10-23,0.5332912487771198,False,1.719406463275049
2023-10-24,1.4828723306549847,False,1.719406463275049
2023-10-25,1.054968990229067,False,1.719406463275049
2023-10-26,0.5282702914798881,False,1.719406463275049
2023-10-27,0.2049510978049795,False,1.719406463275049
2023-10-28,-0.8939483377945565,False,1.719406463275049
2023-10-29,-0.8859225042071148,False,1.719406463275049
2023-10-30,-0.3817591278902985,False,1.719406463275049
2023-10-31,0.2861744018678649,False,1.719406463275049
2023-11-01,-0.0822314341848018,False,1.719406463275049
2023-11-02,0.6254906724727899,False,1.719406463275049
2023-11-03,1.7922881102959995,True,1.719406463275049
2023-11-04,0.4532433599838587,False,1.719406463275049
2023-11-05,-0.0051311827275512,False,1.719406463275049
2023-11-06,0.3285457108425869,False,1.719406463275049
2023-11-07,-0.5096022119750523,False,1.719406463275049
2023-11-08,-0.3596904253726371,False,1.719406463275049
2023-11-09,-0.0921991734058524,False,1.719406463275049
2023-11-10,0.0423406892496431,False,1.719406463275049
2023-11-11,,False,1.719406463275049
2023-11-12,0.0927527600992618,False,1.719406463275049
2023-11-13,0.3010106586285527,False,1.719406463275049
2023-11-14,-0.1705765843151106,False,1.719406463275049
2023-11-15,0.6915653661783001,False,1.719406463275049
2023-11-16,2.739917891756636,True,1.719406463275049
2023-11-17,0.8756228614966982,False,1.719406463275049
2023-11-18,-0.0355746650116543,False,1.719406463275049
2023-11-19,-0.2151375094470375,False,1.719406463275049
2023-11-20,-0.1572522625611795,False,1.719406463275049
2023-11-21,-0.3128222406137503,False,1.719406463275049
2023-11-22,-0.4071770632762778,False,1.719406463275049
2023-11-23,-0.0344439278654453,False,1.719406463275049
2023-11-24,-0.0910508704898885,False,1.719406463275049
2023-11-25,0.3321774753415493,False,1.719406463275049
2023-11-26,0.5202652766176611,False,1.719406463275049
2023-11-27,-0.0709031465150031,False,1.719406463275049
2023-11-28,-0.1029653566964466,False,1.719406463275049
2023-11-29,0.288732128804835,False,1.719406463275049
2023-11-30,1.004036344769469,False,1.719406463275049
2023-12-01,0.1327722079851812,False,1.719406463275049
2023-12-02,-0.5704145789840276,False,1.719406463275049
2023-12-03,-0.7265703866943902,False,1.719406463275049
2023-12-04,-0.301548955589857,False,1.719406463275049
2023-12-05,0.0808193577734221,False,1.719406463275049
2023-12-06,-0.0029367458888942,False,1.719406463275049
2023-12-07,0.4572795678389221,False,1.719406463275049
2023-12-08,0.3529277222973155,False,1.719406463275049
2023-12-09,0.2081214533441175,False,1.719406463275049
2023-12-10,-0.5938408439926575,False,1.719406463275049
2023-12-11,-0.3338130997007263,False,1.719406463275049
2023-12-12,0.0992539920905104,False,1.719406463275049
2023-12-13,0.0973800114278489,False,1.719406463275049
2023-12-14,0.5103577285267078,False,1.719406463275049
2023-12-15,0.9250271733606754,False,1.719406463275049
2023-12-16,0.4454453633112485,False,1.719406463275049
2023-12-17,0.2523673419120016,False,1.719406463275049
2023-12-18,-0.3389139707865599,False,1.719406463275049
2023-12-19,0.0222781318987462,False,1.719406463275049
2023-12-20,0.1403198374946357,False,1.719406463275049
2023-12-21,-0.2391472874069603,False,1.719406463275049
2023-12-22,-0.1631545392191929,False,1.719406463275049
2023-12-23,-0.029179972488332,False,1.719406463275049
2023-12-24,-0.0818532750311308,False,1.719406463275049
2023-12-25,-0.0626650904662246,False,1.719406463275049
2023-12-26,0.163348209083929,False,1.719406463275049
2023-12-27,-0.6854314330331622,False,1.719406463275049
2023-12-28,-0.9888458171623882,False,1.719406463275049
2023-12-29,-0.6382795179363305,False,1.719406463275049
2023-12-30,-0.5348392708820995,False,1.719406463275049
2023-12-31,-0.4112773059258798,False,1.719406463275049
2024-01-01,-0.0840227105361857,False,1.719406463275049
2024-01-02,0.4587322959791873,False,1.719406463275049
2024-01-03,0.2313845938427492,False,1.719406463275049
2024-01-04,0.3702041815076956,False,1.719406463275049
2024-01-05,0.7422750920672758,False,1.719406463275049
2024-01-06,0.5872526890060363,False,1.719406463275049
2024-01-07,0.2577657878638522,False,1.719406463275049
2024-01-08,0.7498355486592019,False,1.719406463275049
2024-01-09,0.3025010392519304,False,1.719406463275049
2024-01-10,-0.1784290084277481,False,1.719406463275049
2024-01-11,0.4440909795873987,False,1.719406463275049
2024-01-12,-0.3622117785263406,False,1.719406463275049
2024-01-13,-0.2518144332482978,False,1.719406463275049
2024-01-14,0.0077279943378871,False,1.719406463275049
2024-01-15,0.3397997429556236,False,1.719406463275049
2024-01-16,0.8653159299870959,False,1.719406463275049
2024-01-17,0.5829386625189221,False,1.719406463275049
2024-01-18,0.8054134157988528,False,1.719406463275049
2024-01-19,-0.1191467588116425,False,1.719406463275049
2024-01-20,-0.1297763449783415,False,1.719406463275049
2024-01-21,0.1401892469607299,False,1.719406463275049
2024-01-22,0.59767726060488,False,1.719406463275049
2024-01-23,0.6825960327858622,False,1.719406463275049
2024-01-24,-0.1319933883386968,False,1.719406463275049
2024-01-25,-0.2548024408099203,False,1.719406463275049
2024-01-26,-0.3473000121550078,False,1.719406463275049
2024-01-27,-0.3463565771241742,False,1.719406463275049
2024-01-28,-0.5559648704683436,False,1.719406463275049
2024-01-29,-0.3583050136418322,False,1.719406463275049
2024-01-30,-0.2245529750220884,False,1.719406463275049
2024-01-31,0.2237164027102908,False,1.719406463275049
2024-02-01,-0.0694127744772209,False,1.719406463275049
2024-02-02,-0.7274452474460229,False,1.719406463275049
2024-02-03,0.1189704009684687,False,1.719406463275049
2024-02-04,0.121909636598497,False,1.719406463275049
2024-02-05,-0.1637106364385954,False,1.719406463275049
2024-02-06,0.3833544161577782,False,1.719406463275049
2024-02-07,0.6599277987226291,False,1.719406463275049
2024-02-08,0.2920286948075555,False,1.719406463275049
2024-02-09,0.7245612935830021,False,1.719406463275049
2024-02-10,-0.2609919920199466,False,1.719406463275049
2024-02-11,-0.5563700807918801,False,1.719406463275049
2024-02-12,0.0019042695383381,False,1.719406463275049
2024-02-13,0.6115116485707001,False,1.719406463275049
2024-02-14,0.1289545648078646,False,1.719406463275049
2024-02-15,0.422557192115592,False,1.719406463275049
2024-02-16,-0.2188077674839132,False,1.719406463275049
2024-02-17,-0.294431348745567,False,1.719406463275049
2024-02-18,0.0168864357540079,False,1.719406463275049
2024-02-19,0.1694109117160637,False,1.719406463275049
2024-02-20,1.0925061493325083,False,1.719406463275049
2024-02-21,1.813523611307413,True,1.719406463275049
2024-02-22,1.6688747194678355,False,1.719406463275049
2024-02-23,1.183639027310622,False,1.719406463275049
2024-02-24,-0.2584030657479854,False,1.719406463275049
2024-02-25,0.7084222655067867,False,1.719406463275049
2024-02-26,0.369516791281616,False,1.719406463275049
2024-02-27,0.583474117255952,False,1.719406463275049
2024-02-28,-0.1719039710421847,False,1.719406463275049
2024-02-29,-0.1305849325855367,False,1.719406463275049
2024-03-01,0.9761014769101516,False,1.719406463275049
2024-03-02,0.0641618240597364,False,1.719406463275049
2024-03-03,-0.2247092696129887,False,1.719406463275049
2024-03-04,-0.1400642020494051,False,1.719406463275049
2024-03-05,0.0623390056313481,False,1.719406463275049
2024-03-06,-0.9993711083201436,False,1.719406463275049
2024-03-07,-0.3861594833847416,False,1.719406463275049
2024-03-08,-0.1996152094465844,False,1.719406463275049
2024-03-09,-0.7488266026529196,False,1.719406463275049
2024-03-10,-0.525331746811907,False,1.719406463275049
2024-03-11,-0.0461478801824076,False,1.719406463275049
2024-03-12,1.5958366572988505,False,1.719406463275049
2024-03-13,0.85835141510396,False,1.719406463275049
2024-03-14,0.7692056178700513,False,1.719406463275049
2024-03-15,-0.4466971901686325,False,1.719406463275049
2024-03-16,-0.1044813608962735,False,1.719406463275049
2024-03-17,-0.5803227304635854,False,1.719406463275049
2024-03-18,-0.3736112324915387,False,1.719406463275049
2024-03-19,-0.1714186152778745,False,1.719406463275049
2024-03-20,-0.3320314933229439,False,1.719406463275049
2024-03-21,-0.2443646126382855,False,1.719406463275049
2024-03-22,-0.1036631417732703,False,1.719406463275049
2024-03-23,-0.2108361484409597,False,1.719406463275049
2024-03-24,-0.0589687061420755,False,1.719406463275049
2024-03-25,0.0608138253278742,False,1.719406463275049
2024-03-26,0.0520533592014415,False,1.719406463275049
2024-03-27,-0.1679005055714466,False,1.719406463275049
2024-03-28,0.2079536488212059,False,1.719406463275049
2024-03-29,-0.1257684739682252,False,1.719406463275049
2024-03-30,0.1925802243234675,False,1.719406463275049
2024-03-31,-0.0947048459702162,False,1.719406463275049
2024-04-01,-0.1545324197974343,False,1.719406463275049
2024-04-02,-0.2310256046907192,False,1.719406463275049
2024-04-03,-0.6079122773366753,False,1.719406463275049
2024-04-04,-0.6608472782048935,False,1.719406463275049
2024-04-05,-0.5116690469013221,False,1.719406463275049
2024-04-06,-0.3127020753731152,False,1.719406463275049
2024-04-07,0.0299716294056781,False,1.719406463275049
2024-04-08,0.185916057443349,False,1.719406463275049
2024-04-09,1.9277301468916244,True,1.719406463275049
2024-04-10,-0.0525938911864403,False,1.719406463275049
2024-04-11,-0.2076007606142198,False,1.719406463275049
2024-04-12,-0.6547704429340054,False,1.719406463275049
2024-04-13,-0.3887189812038983,False,1.719406463275049
2024-04-14,0.2472141208722087,False,1.719406463275049
2024-04-15,-0.1439128446634179,False,1.719406463275049
2024-04-16,-0.136234263634877,False,1.719406463275049
2024-04-17,-0.4482021053231027,False,1.719406463275049
2024-04-18,-0.3387489095167561,False,1.719406463275049
2024-04-19,-0.4121212051389942,False,1.719406463275049
2024-04-20,-0.4511582721699187,False,1.719406463275049
2024-04-21,-0.3467111824264958,False,1.719406463275049
2024-04-22,0.4741100414813201,False,1.719406463275049
2024-04-23,1.969777858676304,True,1.719406463275049
2024-04-24,-0.3238104191384785,False,1.719406463275049
2024-04-25,-0.1773158905136644,False,1.719406463275049
2024-04-26,0.0153347230372164,False,1.719406463275049
2024-04-27,-0.1119330617465899,False,1.719406463275049
2024-04-28,-0.1005114737470886,False,1.719406463275049
2024-04-29,-0.8258032135542219,False,1.719406463275049
2024-04-30,-0.3695750502830581,False,1.719406463275049
2024-05-01,0.032768941262753,False,1.719406463275049
2024-05-02,-0.4387435024765911,False,1.719406463275049
2024-05-03,-0.405648627749534,False,1.719406463275049
2024-05-04,-0.2361105750352644,False,1.719406463275049
2024-05-05,-0.6768463308660714,False,1.719406463275049
2024-05-06,-0.4983637764683225,False,1.719406463275049
2024-05-07,-0.4763743917989029,False,1.719406463275049
2024-05-08,-0.391769200722776,False,1.719406463275049
2024-05-09,-0.8169857917074742,False,1.719406463275049
2024-05-10,-0.6430808929921944,False,1.719406463275049
2024-05-11,-0.3990031435904426,False,1.719406463275049
2024-05-12,-0.2624533058736062,False,1.719406463275049
2024-05-13,0.5506517043199941,False,1.719406463275049
2024-05-14,0.1359186940600522,False,1.719406463275049
2024-05-15,-0.1524687459399913,False,1.719406463275049
2024-05-16,-0.0207990061864667,False,1.719406463275049
2024-05-17,-0.6064160029051356,False,1.719406463275049
2024-05-18,-0.2501761451673277,False,1.719406463275049
2024-05-19,0.2677774899128228,False,1.719406463275049
2024-05-20,0.7107499611591175,False,1.719406463275049
2024-05-21,0.7216557428360368,False,1.719406463275049
2024-05-22,0.8219143746186395,False,1.719406463275049
2024-05-23,0.3864789923229064,False,1.719406463275049
2024-05-24,-0.1066777496738858,False,1.719406463275049
2024-05-25,-0.647234621918692,False,1.719406463275049
2024-05-26,0.1456682448602599,False,1.719406463275049
2024-05-27,-0.1553653951009632,False,1.719406463275049
2024-05-28,-0.6361752405534559,False,1.719406463275049
2024-05-29,-0.3737607914013163,False,1.719406463275049
2024-05-30,-0.274971736125342,False,1.719406463275049
2024-05-31,0.2634479048278484,False,1.719406463275049
2024-06-01,2.350005159151072,True,1.719406463275049
2024-06-02,0.7710116101189463,False,1.719406463275049
2024-06-03,0.5719495395775688,False,1.719406463275049
2024-06-04,0.4738610403034272,False,1.719406463275049
2024-06-05,0.2639738162470765,False,1.719406463275049
2024-06-06,0.1216612165627369,False,1.719406463275049
2024-06-07,-0.8163978092997023,False,1.719406463275049
2024-06-08,-0.8260093745459786,False,1.719406463275049
2024-06-09,-0.7927189920440798,False,1.719406463275049
2024-06-10,-0.7616841425432426,False,1.719406463275049
2024-06-11,-0.4690117712744592,False,1.719406463275049
2024-06-12,1.3512001508182927,False,1.719406463275049
2024-06-13,1.333067741049632,False,1.719406463275049
2024-06-14,-0.2851698891308979,False,1.719406463275049
2024-06-15,-0.3344896591864916,False,1.719406463275049
2024-06-16,0.0150207839458262,False,1.719406463275049
2024-06-17,1.2772768065707196,False,1.719406463275049
2024-06-18,1.1594583324887824,False,1.719406463275049
2024-06-19,1.358234797109104,False,1.719406463275049
2024-06-20,0.4328768249830134,False,1.719406463275049
2024-06-21,-0.4322644049988925,False,1.719406463275049
2024-06-22,-0.269626252493232,False,1.719406463275049
2024-06-23,-0.4632852793726488,False,1.719406463275049
2024-06-24,-0.1670100109696232,False,1.719406463275049
2024-06-25,0.922073551837756,False,1.719406463275049
2024-06-26,0.1751862374664494,False,1.719406463275049
2024-06-27,-0.8671726848785026,False,1.719406463275049
2024-06-28,-0.5609965758889605,False,1.719406463275049
2024-06-29,-0.2997822572784888,False,1.719406463275049
2024-06-30,-1.0047448391521474,False,1.719406463275049
2024-07-01,-0.2918524392925802,False,1.719406463275049
2024-07-02,0.0471704417657288,False,1.719406463275049
2024-07-03,0.7146911819623109,False,1.719406463275049
2024-07-04,0.3411536964601859,False,1.719406463275049
2024-07-05,0.131988697077264,False,1.719406463275049
2024-07-06,-0.0150989765348513,False,1.719406463275049
2024-07-07,0.1004263179538888,False,1.719406463275049
2024-07-08,1.1924077582840586,False,1.719406463275049
2024-07-09,0.9453454604011648,False,1.719406463275049
2024-07-10,-0.6389344538106343,False,1.719406463275049
2024-07-11,-0.9283249759249792,False,1.719406463275049
2024-07-12,0.3703061735340855,False,1.719406463275049
2024-07-13,0.5089423270426169,False,1.719406463275049
2024-07-14,0.7550583245091131,False,1.719406463275049
2024-07-15,0.4273947813859348,False,1.719406463275049
2024-07-16,0.2038369809897819,False,1.719406463275049
2024-07-17,-0.0368494599550921,False,1.719406463275049
2024-07-18,-0.7918516336310167,False,1.719406463275049
2024-07-19,0.0340286446993935,False,1.719406463275049
2024-07-20,0.0524898184073224,False,1.719406463275049
2024-07-21,0.2285570555040821,False,1.719406463275049
2024-07-22,0.1066209501749679,False,1.719406463275049
2024-07-23,0.6041770034147156,False,1.719406463275049
2024-07-24,0.2681542010795231,False,1.719406463275049
2024-07-25,-0.9005111039715852,False,1.719406463275049
2024-07-26,-0.4052883241829443,False,1.719406463275049
2024-07-27,1.247946538253201,False,1.719406463275049
2024-07-28,0.7506012711634439,False,1.719406463275049
2024-07-29,0.9692078275770332,False,1.719406463275049
2024-07-30,-0.0441803687912573,False,1.719406463275049
2024-07-31,0.2113050101996911,False,1.719406463275049
2024-08-01,1.2332890927995983,False,1.719406463275049
2024-08-02,0.8955079245887914,False,1.719406463275049
2024-08-03,0.4750646323972555,False,1.719406463275049
2024-08-04,0.1825164609158096,False,1.719406463275049
2024-08-05,0.1260464873578201,False,1.719406463275049
2024-08-06,-1.098167011440831,False,1.719406463275049
2024-08-07,-0.8360591044693695,False,1.719406463275049
2024-08-08,-0.926245635265581,False,1.719406463275049
2024-08-09,-0.843951824162267,False,1.719406463275049
2024-08-10,-0.8480726025072606,False,1.719406463275049
2024-08-11,-1.041844699735711,False,1.719406463275049
2024-08-12,-0.3459698772605113,False,1.719406463275049
2024-08-13,-0.2020892758585784,False,1.719406463275049
2024-08-14,0.789380568628971,False,1.719406463275049
2024-08-15,1.5273359055872024,False,1.719406463275049
2024-08-16,0.7919078981841324,False,1.719406463275049
2024-08-17,-0.4385205255984145,False,1.719406463275049
2024-08-18,-0.7872682084845077,False,1.719406463275049
2024-08-19,-1.1380047553916464,False,1.719406463275049
2024-08-20,-0.8130141197474012,False,1.719406463275049
2024-08-21,-0.552293738425047,False,1.719406463275049
2024-08-22,-0.2677407018995766,False,1.719406463275049
2024-08-23,0.6668115489647496,False,1.719406463275049
2024-08-24,1.5492373304573357,False,1.719406463275049
2024-08-25,1.4767280397671994,False,1.719406463275049
2024-08-26,1.9441497919186583,True,1.719406463275049
2024-08-27,1.000177937248664,False,1.719406463275049
2024-08-28,-0.7382551892737453,False,1.719406463275049
2024-08-29,-0.8320541197598648,False,1.719406463275049
2024-08-30,-0.3596425299607118,False,1.719406463275049
2024-08-31,-0.3627789713271942,False,1.719406463275049
2024-09-01,-0.3884725583131733,False,1.719406463275049
2024-09-02,-0.7610152896325695,False,1.719406463275049
2024-09-03,0.505238825244223,False,1.719406463275049
2024-09-04,0.8916369383547365,False,1.719406463275049
2024-09-05,0.2518174633968024,False,1.719406463275049
2024-09-06,-0.2438727049807729,False,1.719406463275049
2024-09-07,-1.5203908214232251,False,1.719406463275049
2024-09-08,-1.0032282300640567,False,1.719406463275049
2024-09-09,-0.4105139222470559,False,1.719406463275049
2024-09-10,0.3471403349337454,False,1.719406463275049
2024-09-11,0.5618936918196895,False,1.719406463275049
2024-09-12,-0.0087789400455533,False,1.719406463275049
2024-09-13,0.3724977000993771,False,1.719406463275049
2024-09-14,0.1949945658183723,False,1.719406463275049
2024-09-15,0.2859681161193846,False,1.719406463275049
2024-09-16,0.7492906228800823,False,1.719406463275049
2024-09-17,0.144080447116616,False,1.719406463275049
2024-09-18,0.0347508744674197,False,1.719406463275049
2024-09-19,-0.1660895193333476,False,1.719406463275049
2024-09-20,0.2764342014644569,False,1.719406463275049
2024-09-21,-0.0977661854729975,False,1.719406463275049
2024-09-22,-0.3597975149964275,False,1.719406463275049
2024-09-23,-0.7308379156221184,False,1.719406463275049
2024-09-24,-1.360290572760318,False,1.719406463275049
2024-09-25,-0.9956516876764624,False,1.719406463275049
2024-09-26,-0.7603704753176674,False,1.719406463275049
2024-09-27,-0.6892162798466214,False,1.719406463275049
2024-09-28,-1.0005238084835015,False,1.719406463275049
2024-09-29,-0.8577737114885811,False,1.719406463275049
2024-09-30,-0.9028838774903608,False,1.719406463275049
2024-10-01,-0.5680119759374991,False,1.719406463275049
2024-10-02,-0.7260813950928549,False,1.719406463275049
2024-10-03,0.4050559559928571,False,1.719406463275049
2024-10-04,4.161745696687827e-05,False,1.719406463275049
2024-10-05,-0.4453139717106459,False,1.719406463275049
2024-10-06,-0.1101601469935999,False,1.719406463275049
2024-10-07,-0.7842152288684122,False,1.719406463275049
2024-10-08,-0.4882637734466316,False,1.719406463275049
2024-10-09,-0.752616505310022,False,1.719406463275049
2024-10-10,-0.949155766134767,False,1.719406463275049
2024-10-11,0.4363012962345147,False,1.719406463275049
2024-10-12,-0.832901580010901,False,1.719406463275049
2024-10-13,-0.9681788354907408,False,1.719406463275049
2024-10-14,-1.151319970906615,False,1.719406463275049
2024-10-15,-0.7928494002954408,False,1.719406463275049
2024-10-16,-0.9242323531304864,False,1.719406463275049
2024-10-17,0.1387278594291058,False,1.719406463275049
2024-10-18,1.5180993789745254,False,1.719406463275049
2024-10-19,1.820588597128698,True,1.719406463275049
2024-10-20,1.2744530493453945,False,1.719406463275049
2024-10-21,1.507166392948612,False,1.719406463275049
2024-10-22,2.5910127255814217,True,1.719406463275049
2024-10-23,0.41074668527706,False,1.719406463275049
2024-10-24,-0.5206129047325384,False,1.719406463275049
2024-10-25,-0.0175505378861912,False,1.719406463275049
2024-10-26,-0.5707094834658999,False,1.719406463275049
2024-10-27,-0.2749512405837868,False,1.719406463275049
2024-10-28,-0.4375245366029958,False,1.719406463275049
2024-10-29,-0.0800391679557234,False,1.719406463275049
2024-10-30,0.7744518716448645,False,1.719406463275049
2024-10-31,0.1263597294533017,False,1.719406463275049
2024-11-01,-0.761677427583203,False,1.719406463275049
2024-11-02,-0.3348121849640278,False,1.719406463275049
2024-11-03,-0.2412504097797941,False,1.719406463275049
2024-11-04,-0.0884687497874286,False,1.719406463275049
2024-11-05,0.8008068800487654,False,1.719406463275049
2024-11-06,-0.2687177401604632,False,1.719406463275049
2024-11-07,-0.5134362053847654,False,1.719406463275049
2024-11-08,-0.2891946516677485,False,1.719406463275049
2024-11-09,-0.3813077181729254,False,1.719406463275049
2024-11-10,-0.2772436310928554,False,1.719406463275049
2024-11-11,-0.6644451702241827,False,1.719406463275049
2024-11-12,-0.5924491066276849,False,1.719406463275049
2024-11-13,-0.5377653115288252,False,1.719406463275049
2024-11-14,-0.2608368931804742,False,1.719406463275049
2024-11-15,-0.1996657500211201,False,1.719406463275049
2024-11-16,-0.1282476651303105,False,1.719406463275049
2024-11-17,0.5010954576970474,False,1.719406463275049
2024-11-18,-0.0472372248360739,False,1.719406463275049
2024-11-19,-0.7909731701089224,False,1.719406463275049
2024-11-20,-0.7042034668559272,False,1.719406463275049
2024-11-21,0.2003737833273378,False,1.719406463275049
2024-11-22,-0.9114679520400232,False,1.719406463275049
2024-11-23,-0.7516165965629233,False,1.719406463275049
2024-11-24,-0.4540788937559843,False,1.719406463275049
2024-11-25,-0.5561323415062489,False,1.719406463275049
2024-11-26,-0.5855970688110982,False,1.719406463275049
2024-11-27,-0.2296190525303947,False,1.719406463275049
2024-11-28,-0.142012712431611,False,1.719406463275049
2024-11-29,-0.2714850377743677,False,1.719406463275049
2024-11-30,-0.2640691914797398,False,1.719406463275049
2024-12-01,-0.2225479952746015,False,1.719406463275049
2024-12-02,-0.1736976908678132,False,1.719406463275049
2024-12-03,0.0660983057403959,False,1.719406463275049
2024-12-04,0.1751623198408635,False,1.719406463275049
2024-12-05,-0.1967454890487119,False,1.719406463275049
2024-12-06,0.2140721727881564,False,1.719406463275049
2024-12-07,0.1152390884034098,False,1.719406463275049
2024-12-08,-0.3748205086233578,False,1.719406463275049
2024-12-09,-0.4234666560464472,False,1.719406463275049
2024-12-10,0.5542022909962201,False,1.719406463275049
2024-12-11,0.2060755237731194,False,1.719406463275049
2024-12-12,-0.2853831043506997,False,1.719406463275049
2024-12-13,-0.0157148085666158,False,1.719406463275049
2024-12-14,0.6691328797389029,False,1.719406463275049
2024-12-15,0.0674803802317071,False,1.719406463275049
2024-12-16,-0.160145850772293,False,1.719406463275049
2024-12-17,-0.2181751695834995,False,1.719406463275049
2024-12-18,-0.0616657015387448,False,1.719406463275049
2024-12-19,-0.2700077525688054,False,1.719406463275049
2024-12-20,-0.3408436212390778,False,1.719406463275049
2024-12-21,-0.1819045641689529,False,1.719406463275049
2024-12-22,0.1745941215314283,False,1.719406463275049
2024-12-23,0.3848144554680512,False,1.719406463275049
2024-12-24,0.4687023834037139,False,1.719406463275049
2024-12-25,0.161192407130165,False,1.719406463275049
2024-12-26,0.2772742216162955,False,1.719406463275049
2024-12-27,0.2786521750780363,False,1.719406463275049
2024-12-28,0.7677162782886047,False,1.719406463275049
2024-12-29,0.0735348751672875,False,1.719406463275049
2024-12-30,-0.6101733224835865,False,1.719406463275049
2024-12-31,-0.0049811738789077,False,1.719406463275049
